title,topic_0,topic_1,topic_2,topic_3,topic_4,topic_5
A Scotsmans Shepherd Pie,0.0,0.13916730880737305,0.85097736120224,0.0,0.0,0.0
A Simply Perfect Roast Turkey,0.0,0.0,0.0,0.9528205394744873,0.0,0.0
Absolute Best Liver And Onions,0.0,0.0,0.9603028297424316,0.0,0.0,0.0
Accidental Fish,0.0,0.7676549553871155,0.0,0.0,0.0,0.21083058416843414
Actually Delicious Turkey Burgers,0.0,0.0,0.9528165459632874,0.0,0.0,0.0
Alaska Salmon Bake With Pecan Crunch Coating,0.0,0.0,0.0,0.9568849205970764,0.0,0.0
All American Burger Dog,0.0,0.0,0.47460973262786865,0.0,0.0,0.4959714114665985
All American Roast Beef,0.010418838821351528,0.010419140569865704,0.010419941507279873,0.010420896112918854,0.010418349876999855,0.9479028582572937
Alla Checca,0.4476507306098938,0.5146087408065796,0.0,0.0,0.0,0.0
Almond Crusted Tilapia,0.36812180280685425,0.6103653907775879,0.0,0.0,0.0,0.0
Alysias Basic Meat Lasagna,0.9811986684799194,0.0,0.0,0.0,0.0,0.0
Amazing Pork Chops In Cream Sauce,0.0,0.6456014513969421,0.0,0.3166542649269104,0.0,0.0
Amazing Ribs,0.0,0.0,0.0,0.0,0.0,0.9632229804992676
Amazing Spicy Grilled Shrimp,0.0,0.41903290152549744,0.0,0.0,0.0,0.5632652640342712
American Lasagna,0.9788084030151367,0.0,0.0,0.0,0.0,0.0
Apple And Brown Sugar Corned Beef,0.0,0.0,0.0,0.0,0.5336771011352539,0.4422217905521393
Apple Cider Sauce And Pork Loin Chops,0.0,0.0,0.0,0.8140761256217957,0.0,0.16441236436367035
Apple Glazed Pork Tenderloin,0.0,0.0,0.0,0.9744818210601807,0.0,0.0
Apple Sage Pork Chops,0.0,0.0,0.0,0.7648680210113525,0.0,0.2124004364013672
Apricot Brown Sugar Ham,0.01163121685385704,0.011630523018538952,0.011631500907242298,0.01163260918110609,0.011632139794528484,0.9418419599533081
Artichoke Spinach Lasagna,0.8396701812744141,0.0,0.0,0.14180701971054077,0.0,0.0
Asian Beef Skewers,0.0,0.0,0.0,0.0,0.0,0.9679454565048218
Asian Pork Tenderloin,0.0,0.0,0.0,0.0,0.0,0.9744856357574463
Asian Salmon,0.0,0.11181855201721191,0.0,0.0,0.0,0.8696585297584534
Authentic Mexican Chili Rellenos,0.0,0.0,0.7548167705535889,0.22244711220264435,0.0,0.0
Awesome Grilled Cheese Sandwiches,0.021744370460510254,0.02174135483801365,0.8912929892539978,0.02174156717956066,0.021739883348345757,0.021739812567830086
Awesome Korean Steak,0.0,0.0,0.0,0.0,0.0,0.971584141254425
Awesome Red Wine Pot Roast,0.0,0.0,0.0,0.976842999458313,0.0,0.0
Awesome Slow Cooker Pot Roast,0.010418768040835857,0.010418281890451908,0.7150511741638184,0.01041942834854126,0.24327363073825836,0.01041871402412653
Awesome Spicy Beef Kabobs Or Haitian Voodoo Sticks,0.0,0.0,0.0,0.0,0.0,0.9715825319290161
Baby Back Ribs,0.017858754843473434,0.017858106642961502,0.017858460545539856,0.017861004918813705,0.01785857416689396,0.9107050895690918
Bacon Risotto,0.0,0.9657432436943054,0.0,0.0,0.0,0.0
Bacon Wrapped Buffalo Meatloaf,0.0,0.0,0.24585431814193726,0.3621922433376312,0.0,0.38352417945861816
Bacon Wrapped Cranberry Walnut Pork,0.0,0.0,0.0,0.9831051230430603,0.0,0.0
Bacon Wrapped Pork Medallions,0.0,0.25882774591445923,0.0,0.7066830396652222,0.0,0.0
Baked Bbq Baby Back Ribs,0.0,0.0,0.0,0.0,0.0,0.9778724908828735
Baked Cod With Boursin Herb Cheese,0.1619543433189392,0.0,0.8123974800109863,0.0,0.0,0.0
Baked Corned Beef And Cabbage,0.0,0.0,0.0,0.5628365874290466,0.4130609333515167,0.0
Baked Dijon Salmon,0.0,0.0,0.0,0.9603073000907898,0.0,0.0
Baked Eggplant Parmesan,0.9744840860366821,0.0,0.0,0.0,0.0,0.0
Baked Flounder With Panko And Parmesan,0.0,0.0,0.8615995645523071,0.1006547063589096,0.0,0.0
Baked Haddock,0.011634333059191704,0.011632242240011692,0.9418336749076843,0.01163975428789854,0.011630341410636902,0.011629658751189709
Baked Halibut Steaks,0.0,0.9657453298568726,0.0,0.0,0.0,0.0
Baked Macaroni And Cheese,0.011631118133664131,0.011630330234766006,0.9418486952781677,0.011630440130829811,0.011629661545157433,0.01162976585328579
Baked Orange Roughy Italian Style,0.9632218480110168,0.0,0.0,0.0,0.0,0.0
Baked Parmesan Tilapia,0.0903371050953865,0.0,0.891957700252533,0.0,0.0,0.0
Baked Pasta With Sausage And Baby Portobello Mushroom White Sauce,0.5118647217750549,0.46871158480644226,0.0,0.0,0.0,0.0
Baked Philly Cheesesteak Sliders,0.0,0.0,0.9796686172485352,0.0,0.0,0.0
Baked Pork Chops I,0.0,0.0,0.973109781742096,0.0,0.0,0.0
Baked Salmon Fillets Dijon,0.011630215682089329,0.011632079258561134,0.20927774906158447,0.7442010641098022,0.01162866409868002,0.011630264110863209
Baked Salmon Ii,0.0,0.9603111743927002,0.0,0.0,0.0,0.0
Baked Spaghetti ,0.9715847373008728,0.0,0.0,0.0,0.0,0.0
Baked Ziti I,0.9679444432258606,0.0,0.0,0.0,0.0,0.0
Baked Ziti Iii,0.9698755741119385,0.0,0.0,0.0,0.0,0.0
Baked Ziti Iv,0.9796692728996277,0.0,0.0,0.0,0.0,0.0
Balsamic Baked Tilapia,0.0,0.9731111526489258,0.0,0.0,0.0,0.0
Balsamic Roasted Pork Loin,0.0,0.0,0.0,0.9528214335441589,0.0,0.0
Barbarian Beef,0.0,0.9234589338302612,0.0,0.0,0.0,0.056126199662685394
Barbecue Ribs,0.0,0.0,0.0,0.0,0.0,0.9698752760887146
Barbecued Beef,0.0,0.0,0.0,0.0,0.0,0.9731141328811646
Barbeque Halibut Steaks,0.0,0.2771919369697571,0.0,0.0,0.0,0.6910566687583923
Barbeque Pork Two Ways,0.0,0.0,0.0,0.0,0.0,0.9632299542427063
Barbequed Marinated Flank Steak,0.0,0.0,0.0,0.0,0.0,0.9603130221366882
Barbequed Pork Ribs,0.0,0.0,0.0,0.0,0.0,0.9698712825775146
Barbequed Ribs,0.0,0.0,0.0,0.0,0.0,0.9825150370597839
Barbequed Steelhead Trout,0.0,0.6965997219085693,0.0,0.0,0.0,0.2656533718109131
Basic Microwave Risotto,0.0,0.8060722351074219,0.0,0.16216999292373657,0.0,0.0
Basil Shrimp,0.0,0.6310350298881531,0.0,0.34745270013809204,0.0,0.0
Bats And Cobwebs,0.9632295370101929,0.0,0.0,0.0,0.0,0.0
Bbq Broiled Red Snapper,0.0,0.7477478384971619,0.0,0.0,0.0,0.21775934100151062
Bbq Glazed Homemade Meatballs,0.0,0.0,0.0,0.0,0.0,0.9744836091995239
Bbq Ny Strip,0.0,0.8045101165771484,0.0,0.0,0.0,0.1739783138036728
Bbq Pork For Sandwiches,0.015153061598539352,0.015153591521084309,0.015155574306845665,0.23503485321998596,0.015152749605476856,0.7043501734733582
Bbq Steak,0.0,0.0,0.0,0.6243544220924377,0.0,0.3500003218650818
Beans And Belly,0.0,0.0,0.0,0.9890320301055908,0.0,0.0
Beef And Bean Chimichangas,0.0,0.0,0.8076452612876892,0.0,0.0,0.1746513545513153
Beef And Noodles,0.0,0.0,0.27847936749458313,0.695873498916626,0.0,0.0
Beef And Rice Stuffed Bell Peppers,0.0,0.7318376898765564,0.2531203031539917,0.0,0.0,0.0
Beef Bourguignon I,0.0,0.0,0.0,0.9825129508972168,0.0,0.0
Beef Bulgogi,0.0,0.0,0.0,0.0,0.0,0.9679446220397949
Beef Medallions With Caramelized Pan Sauce,0.0,0.0,0.0,0.9796684384346008,0.0,0.0
Beef Medallions With Fresh Horseradish Sauce ,0.0,0.0,0.0,0.6057080626487732,0.0,0.3797951638698578
Beef Pot Roast,0.010418053716421127,0.01042027398943901,0.010418377816677094,0.9479075074195862,0.010417159646749496,0.010418619960546494
Beef Short Ribs Sauerbraten,0.0,0.0,0.0,0.8195041418075562,0.0,0.1698552519083023
Beef Stroganoff Iii,0.0,0.0,0.7102735638618469,0.27202391624450684,0.0,0.0
Beef Tenderloin With Roasted Shallots,0.0,0.0,0.0,0.9778704047203064,0.0,0.0
Beef Wellington,0.0,0.0,0.9768428206443787,0.0,0.0,0.0
Beef Yakitori,0.0,0.0,0.0,0.0,0.0,0.9698753356933594
Beefy Baked Ravioli,0.9632304906845093,0.0,0.0,0.0,0.0,0.0
Beer And Brown Sugar Steak Marinade,0.0,0.0,0.0,0.0,0.0,0.965747058391571
Beer Braised Lamb Shanks,0.0,0.0,0.0,0.9731107950210571,0.0,0.0
Beer Brats,0.0,0.0,0.0,0.0,0.0,0.9568840265274048
Beerbecue Beef Flank Steak,0.0,0.0,0.0,0.3365280032157898,0.0,0.6457691192626953
Berdeans Cube Steak,0.010418681427836418,0.01042058877646923,0.9478991627693176,0.010420949198305607,0.010418946854770184,0.01042174082249403
Best Beef Dip Ever,0.011629560962319374,0.011629696935415268,0.011630401015281677,0.5244572162628174,0.011629374697804451,0.42902371287345886
Best Beef Enchiladas,0.0,0.0,0.9811977744102478,0.0,0.0,0.0
Best Ever Crab Cakes,0.0,0.5441662669181824,0.23145174980163574,0.0,0.0,0.20514582097530365
Best Ever Meat Loaf,0.0,0.0,0.6062459945678711,0.0,0.0,0.369652658700943
Best Ever Sausage With Peppers Onions And Beer,0.0,0.6553784012794495,0.0,0.0,0.0,0.3276688754558563
Best Ever Slow Cooker Italian Beef Roast,0.0,0.0,0.9657446146011353,0.0,0.0,0.0
Best Stovetop Bbq Ribs,0.0,0.0,0.0,0.0,0.0,0.9657489657402039
Best Turkey Meatloaf,0.0,0.0,0.0,0.0,0.0,0.9731094241142273
Beths Meat Loaf,0.0,0.0,0.2914375960826874,0.0,0.0,0.6811566948890686
Big Smokey Burgers,0.0,0.0,0.34853607416152954,0.0,0.0,0.6352005004882812
Black And Blue Steak Burger,0.0,0.0,0.45070719718933105,0.0,0.0,0.5251888632774353
Black Beans And Pork Chops,0.0,0.0,0.0,0.9568890333175659,0.0,0.0
Black Eyed Peas With Pork And Greens,0.0,0.0,0.0,0.9836562871932983,0.0,0.0
Blackened Salmon Fillets,0.0,0.0,0.0,0.9731099009513855,0.0,0.0
Blackened Shrimp Stroganoff,0.0,0.776655375957489,0.20708014070987701,0.0,0.0,0.0
Blackened Tuna,0.013159695081412792,0.9341993927955627,0.013160904869437218,0.013160809874534607,0.013159150257706642,0.013160047121345997
Blackened Tuna Steaks With Mango Salsa,0.0,0.5373152494430542,0.0,0.45232030749320984,0.0,0.0
Blat Wraps,0.011630801483988762,0.011630307883024216,0.9418508410453796,0.011629610322415829,0.01162912230938673,0.011629356071352959
Blue Cheese Beef Tenderloin,0.0,0.0,0.6326225399971008,0.0,0.0,0.339972585439682
Blue Cheese Burgers,0.0,0.0,0.6189537048339844,0.0,0.0,0.35694512724876404
Blue Cheese Spinach Meat Loaf Muffins,0.2475569099187851,0.0,0.7147008180618286,0.0,0.0,0.0
Bobs Awesome Lasagna,0.9657471179962158,0.0,0.0,0.0,0.0,0.0
Bobs Pulled Pork On A Smoker,0.0,0.0,0.0,0.18900498747825623,0.0,0.7953669428825378
Bobs Stuffed Banana Peppers,0.5572633147239685,0.0,0.4276943802833557,0.0,0.0,0.0
Boiled Baked Ribs,0.0,0.0,0.0,0.0,0.0,0.986699104309082
Bolognese Stuffed Bell Peppers,0.0,0.667427659034729,0.20805741846561432,0.0,0.0,0.11323153972625732
Borscht Braised Beef Short Ribs,0.0,0.0,0.0,0.976845383644104,0.0,0.0
Bourbon Mango Pulled Pork,0.0,0.0,0.0,0.0,0.0,0.9778708219528198
Bow Ties With Sausage Tomatoes And Cream,0.0,0.9768466353416443,0.0,0.0,0.0,0.0
Braised Corned Beef Brisket,0.0,0.09998667985200882,0.0,0.0,0.5383081436157227,0.3411503732204437
Braised Lamb With Radishes And Mint,0.0,0.7825323343276978,0.0,0.20183797180652618,0.0,0.0
Brandied Shrimp With Pasta,0.0,0.974481999874115,0.0,0.0,0.0,0.0
Bread Machine Calzone,0.40203994512557983,0.0,0.5738579034805298,0.0,0.0,0.0
Briam Greek Baked Zucchini And Potatoes,0.0,0.9632132053375244,0.0,0.0,0.0,0.0
Brisket With Bbq Sauce,0.0,0.0,0.0,0.0,0.0,0.9788084030151367
Broiled Grouper Parmesan,0.0,0.2751484513282776,0.6974455118179321,0.0,0.0,0.0
Broiled Lobster Tails,0.011629171669483185,0.9418480396270752,0.011630965396761894,0.011632028967142105,0.011629568412899971,0.011630214750766754
Broiled Parmesan Lemon Tilapia ,0.0,0.5314223170280457,0.19468548893928528,0.0,0.26408401131629944,0.0
Broiled Tilapia Parmesan,0.0,0.4588385224342346,0.4084852635860443,0.1134389117360115,0.0,0.0
Bronco Burger,0.0,0.0,0.4597647488117218,0.0,0.0,0.5257377624511719
Brown Sugar Meatloaf,0.0,0.0,0.3388030529022217,0.0,0.0,0.629445493221283
Buffalo Shrimp,0.0,0.4257890582084656,0.2665894031524658,0.0,0.0,0.2963402569293976
Bulgogi Beef Korean Style Barbecue,0.0,0.0,0.0,0.0,0.0,0.9859509468078613
Burrito Pie,0.0,0.0,0.618638813495636,0.0,0.0,0.3619379699230194
Butchers Steak Hanger Steak,0.0,0.0,0.0,0.9698719382286072,0.0,0.0
Buttermilk Barbecue Chicken,0.0,0.0,0.0,0.6901205778121948,0.0,0.28714779019355774
Butternut Squash Risotto,0.0,0.9698687195777893,0.0,0.0,0.0,0.0
Cabbage Patch Halibut,0.0,0.0,0.0,0.0,0.0,0.9796673059463501
Cajun Seafood Pasta,0.0,0.9804641008377075,0.0,0.0,0.0,0.0
Cajun Shrimp Orecchiette,0.0,0.9744833111763,0.0,0.0,0.0,0.0
Cajun Style Blackened Snapper,0.0,0.0,0.0,0.971583366394043,0.0,0.0
Cajun Style Meatloaf,0.0,0.0,0.2886810302734375,0.20874068140983582,0.0,0.49337318539619446
Cajun Style Stuffed Peppers,0.0,0.9289305806159973,0.0,0.0,0.0,0.057994257658720016
Calamari Marinara,0.0,0.984173059463501,0.0,0.0,0.0,0.0
Calico Bean Casserole,0.0,0.0,0.0,0.0,0.0,0.9768449068069458
Calico Beans,0.0,0.0,0.0,0.0,0.0,0.9757209420204163
California Grilled Veggie Sandwich,0.0,0.9744822382926941,0.0,0.0,0.0,0.0
Calzone,0.4962170720100403,0.0,0.47968029975891113,0.0,0.0,0.0
Camp David Spaghetti With Italian Sausage,0.45158305764198303,0.5314636826515198,0.0,0.0,0.0,0.0
Campbellsr Slow Cooker Savory Pot Roast,0.0,0.0,0.0,0.0,0.9731104969978333,0.0
Canadian Pork Loin Chops,0.0,0.0,0.0,0.6307985782623291,0.0,0.3595832586288452
Capers And Halibut,0.0,0.9603115320205688,0.0,0.0,0.0,0.0
Carne Guisada Iii,0.0,0.0,0.9679388999938965,0.0,0.0,0.0
Carnitas   Pressure Cooker,0.0,0.0,0.0,0.971585214138031,0.0,0.0
Cauliflower Fried Rice,0.0,0.0,0.0,0.2561592757701874,0.0,0.7164342999458313
Cavatini Ii,0.9796680808067322,0.0,0.0,0.0,0.0,0.0
Cedar Plank Grilled Salmon With Garlic Lemon And Dill,0.0,0.9679414629936218,0.0,0.0,0.0,0.0
Cedar Planked Salmon,0.0,0.0,0.0,0.0,0.0,0.9715853333473206
Champagne Shrimp And Pasta,0.0,0.9768465161323547,0.0,0.0,0.0,0.0
Charleston Shrimp N Gravy,0.0,0.0,0.0,0.9757217168807983,0.0,0.0
Charleys Slow Cooker Mexican Style Meat,0.0,0.0,0.0,0.5014616847038269,0.0,0.47812673449516296
Cheater Pierogi,0.0,0.0,0.9811975955963135,0.0,0.0,0.0
Cheesy Ham Potato Bake,0.0,0.0,0.9744828939437866,0.0,0.0,0.0
Cheesy Sausage Pasta,0.9757194519042969,0.0,0.0,0.0,0.0,0.0
Cheesy Sausage Zucchini Casserole,0.7177603244781494,0.0,0.0,0.0,0.0,0.2595055401325226
Chef Johns American Goulash,0.0,0.3962754011154175,0.5100775957107544,0.0,0.0,0.08350924402475357
Chef Johns Baby Porchetta,0.0,0.3591465950012207,0.0,0.621431291103363,0.0,0.0
Chef Johns Baked Eggs,0.0,0.9744818210601807,0.0,0.0,0.0,0.0
Chef Johns Baked Lemon Pepper Salmon,0.0,0.0,0.0,0.9731113910675049,0.0,0.0
Chef Johns Baked Mushroom Risotto,0.0,0.9796695709228516,0.0,0.0,0.0,0.0
Chef Johns Barbecue Chicken ,0.0,0.0,0.0,0.30834871530532837,0.0,0.6689205765724182
Chef Johns Beans And Greens,0.0,0.9818806648254395,0.0,0.0,0.0,0.0
Chef Johns Beef Braciole,0.0,0.7301431894302368,0.2535920739173889,0.0,0.0,0.0
Chef Johns Beef Rendang ,0.0,0.0,0.0,0.0,0.0,0.9846574068069458
Chef Johns Blt Pasta ,0.0,0.9757222533226013,0.0,0.0,0.0,0.0
Chef Johns Boneless Whole Turkey,0.01041977759450674,0.4651864171028137,0.010420952923595905,0.49313434958457947,0.010419652797281742,0.010418848134577274
Chef Johns Braised Lamb Shanks,0.0,0.0,0.0,0.9855460524559021,0.0,0.0
Chef Johns Brazilian Fish Stew,0.0,0.4322548806667328,0.0,0.0,0.0,0.5573794841766357
Chef Johns Caramel Pork Belly ,0.0,0.0,0.0,0.0,0.0,0.978809654712677
Chef Johns Cashew Chicken ,0.0,0.0,0.0,0.10010260343551636,0.0,0.8886591196060181
Chef Johns Cassoulet,0.0,0.0,0.0,0.9918804168701172,0.0,0.0
Chef Johns Chicken French ,0.0,0.2771543860435486,0.20468436181545258,0.5076696276664734,0.0,0.0
Chef Johns Chicken Marsala ,0.0,0.0,0.0,0.9757227897644043,0.0,0.0
Chef Johns Chicken Teriyaki ,0.0,0.0,0.0,0.15336263179779053,0.0,0.8289334177970886
Chef Johns City Chicken ,0.0,0.0,0.0,0.9757208824157715,0.0,0.0
Chef Johns Classic Beef Stroganoff,0.0,0.0,0.0,0.97572261095047,0.0,0.0
Chef Johns Copycat Mcribr Sandwich,0.0,0.0,0.0,0.0,0.0,0.9778693318367004
Chef Johns Corned Beef And Cabbage ,0.0,0.0,0.0,0.0,0.9657436609268188,0.0
Chef Johns Crab Cakes,0.0,0.0,0.5436598658561707,0.4348294138908386,0.0,0.0
Chef Johns Crab Stuffed Sole,0.0,0.5510378479957581,0.4295399487018585,0.0,0.0,0.0
Chef Johns Creamy Mushroom Pasta ,0.0,0.9788082838058472,0.0,0.0,0.0,0.0
Chef Johns Deviled Shrimp Ragu,0.0,0.246150404214859,0.0,0.5045062899589539,0.0,0.23847149312496185
Chef Johns Face Pie,0.0,0.0,0.0,0.6012817621231079,0.3901318907737732,0.0
Chef Johns Fresh Salmon Cakes,0.0,0.25717324018478394,0.0,0.7297519445419312,0.0,0.0
Chef Johns Garlic Studded Roast Pork,0.0,0.5635236501693726,0.0,0.42143529653549194,0.0,0.0
Chef Johns Grilled Bacon Meatloaf Burgers,0.0,0.0,0.0,0.3331964910030365,0.0,0.6473816633224487
Chef Johns Grilled Flap Steak,0.0,0.0,0.0,0.0,0.0,0.9698725938796997
Chef Johns Grilled Game Hens ,0.0,0.0,0.0,0.9731124043464661,0.0,0.0
Chef Johns Grilled Garlic And Herb Shrimp,0.0,0.9846598505973816,0.0,0.0,0.0,0.0
Chef Johns Grilled Jerk Pork Tenderloin,0.0,0.0,0.0,0.523138165473938,0.0,0.4618213176727295
Chef Johns Grilled Lamb Steaks ,0.0,0.29030269384384155,0.0,0.6977902054786682,0.0,0.0
Chef Johns Grilled Lamb With Mint Orange Sauce,0.0,0.5114473104476929,0.0,0.2826516926288605,0.0,0.1954089254140854
Chef Johns Grilled Swordfish Bruschetta ,0.0,0.9768460988998413,0.0,0.0,0.0,0.0
Chef Johns Ham And Cheese Calzones,0.6529490351676941,0.33255332708358765,0.0,0.0,0.0,0.0
Chef Johns Hawaiian Style Ahi Poke,0.0,0.19384746253490448,0.0,0.0,0.0,0.7934902906417847
Chef Johns Hoisin Barbeque Pork Ribs ,0.0,0.0,0.0,0.0,0.0,0.9855457544326782
Chef Johns Honey Glazed Ham,0.0,0.0,0.0,0.0,0.0,0.9768460392951965
Chef Johns Indoor Bbq Shrimp,0.0,0.4970278739929199,0.0,0.0,0.0,0.48601776361465454
Chef Johns Italian Meatballs,0.0,0.39720043540000916,0.5850953459739685,0.0,0.0,0.0
Chef Johns Juicy Lucy,0.0,0.0,0.7861314415931702,0.0,0.0,0.18976642191410065
Chef Johns Lamb Moussaka Burger ,0.0,0.809596598148346,0.17947140336036682,0.0,0.0,0.0
Chef Johns Lasagna,0.3985094428062439,0.18338382244110107,0.41012656688690186,0.0,0.0,0.0
Chef Johns Lobster Mac And Cheese,0.0,0.0,0.9841721057891846,0.0,0.0,0.0
Chef Johns Lobster Thermidor,0.0,0.0,0.9744832515716553,0.0,0.0,0.0
Chef Johns Loco Moco ,0.0,0.0,0.29723668098449707,0.0,0.0,0.690490186214447
Chef Johns Macaroni And Cheese,0.0,0.0,0.7905803918838501,0.19089795649051666,0.0,0.0
Chef Johns Meatless Meatballs,0.0,0.7529051303863525,0.23357819020748138,0.0,0.0,0.0
Chef Johns Mini Christmas Hams,0.0,0.0,0.0,0.5762245059013367,0.0,0.41070112586021423
Chef Johns New Orleans Style Barbequed Shrimp ,0.0,0.0,0.0,0.8669375777244568,0.0,0.12212986499071121
Chef Johns Paper Pork Shoulder,0.0,0.0,0.0,0.8422830104827881,0.0,0.14267432689666748
Chef Johns Pasta Con Le Sarde,0.0,0.9818791151046753,0.0,0.0,0.0,0.0
Chef Johns Pasta Primavera,0.0,0.9851137399673462,0.0,0.0,0.0,0.0
Chef Johns Perfect Prime Rib,0.0,0.0,0.0,0.9603067636489868,0.0,0.0
Chef Johns Picadillo,0.0,0.7492936849594116,0.0,0.2350771129131317,0.0,0.0
Chef Johns Porchetta,0.0,0.663261890411377,0.0,0.3227485716342926,0.0,0.0
Chef Johns Pork And Beans And Greens,0.0,0.7018910646438599,0.0,0.07494169473648071,0.0,0.21496833860874176
Chef Johns Potato Gnocchi,0.0,0.0,0.956885814666748,0.0,0.0,0.0
Chef Johns Pourable Pizza,0.5854702591896057,0.0,0.0,0.3851088285446167,0.0,0.0
Chef Johns Prison Style Meatloaf,0.0,0.5711644887924194,0.410312682390213,0.0,0.0,0.0
Chef Johns Pulled Pork Bbq,0.0,0.0,0.0,0.0,0.0,0.9778704047203064
Chef Johns Pumpkin Braised Pork,0.0,0.0,0.0,0.8641172647476196,0.0,0.1181768849492073
Chef Johns Red Beans And Rice,0.0,0.0,0.0,0.8518660068511963,0.0,0.13505862653255463
Chef Johns Ricotta Meatballs ,0.18275681138038635,0.2860090434551239,0.5185196399688721,0.0,0.0,0.0
Chef Johns Roast Christmas Goose,0.0,0.0,0.0,0.975720226764679,0.0,0.0
Chef Johns Roast Turkey And Gravy,0.0,0.0,0.0,0.9831048846244812,0.0,0.0
Chef Johns Roasted Leg Of Lamb,0.0,0.5482613444328308,0.0,0.4340333938598633,0.0,0.0
Chef Johns Salmon,0.0,0.3451109230518341,0.0,0.6321581602096558,0.0,0.0
Chef Johns Salmon Cakes ,0.0,0.4979313910007477,0.14179697632789612,0.3441392481327057,0.0,0.0
Chef Johns Salmon Mango Bango,0.0,0.0,0.0,0.9731125831604004,0.0,0.0
Chef Johns Sausage And Egg Pizza,0.45143717527389526,0.3813047409057617,0.15505948662757874,0.0,0.0,0.0
Chef Johns Scalloped Oysters,0.0,0.22192133963108063,0.7539750933647156,0.0,0.0,0.0
Chef Johns Shakshuka,0.0,0.984171986579895,0.0,0.0,0.0,0.0
Chef Johns Shepherds Pie,0.0,0.0,0.9715819954872131,0.0,0.0,0.0
Chef Johns Shrimp Fra Diavolo,0.0,0.9818809032440186,0.0,0.0,0.0,0.0
Chef Johns Sloppy Joes ,0.0,0.0,0.0,0.0,0.0,0.9768475294113159
Chef Johns Smothered Pork Chops ,0.0,0.0,0.0,0.9731127023696899,0.0,0.0
Chef Johns Spaghetti Al Tonno ,0.0,0.9851163625717163,0.0,0.0,0.0,0.0
Chef Johns Spaghetti Alla Carbonara,0.619513750076294,0.31304964423179626,0.054159361869096756,0.0,0.0,0.0
Chef Johns Spaghetti With Red Clam Sauce,0.25101497769355774,0.735468327999115,0.0,0.0,0.0,0.0
Chef Johns Steak Diane,0.0,0.0,0.0,0.7550464868545532,0.0,0.23143504559993744
Chef Johns Steak Pizzaiola,0.0,0.8248440027236938,0.0,0.16288207471370697,0.0,0.0
Chef Johns Stuffed Peppers,0.0,0.7103756070137024,0.0,0.0,0.0,0.2802317440509796
Chef Johns Swedish Meatballs,0.0,0.0,0.9358696341514587,0.0518573597073555,0.0,0.0
Chef Johns Teriyaki Burgers,0.0,0.0,0.0,0.0,0.0,0.9731098413467407
Chef Johns Tomato Tart,0.20416876673698425,0.33566561341285706,0.0,0.36907652020454407,0.08182629942893982,0.0
Chef Johns Turkey Burger,0.0,0.0,0.0,0.9679404497146606,0.0,0.0
Chef Johns Turkey Noodle Casserole,0.0,0.0,0.9818788170814514,0.0,0.0,0.0
Chef Johns Turkey Sloppy Joes,0.0,0.0,0.27639690041542053,0.0,0.0,0.7085617184638977
Chef Johns Ultimate Steak Sandwich,0.0,0.5727165341377258,0.0,0.0,0.0,0.41500985622406006
Chef Johns Yucatan Style Grilled Pork,0.0,0.0,0.0,0.9768453240394592,0.0,0.0
Cherry Tomato And Cheese Galette,0.0,0.4642545282840729,0.34266844391822815,0.18549850583076477,0.0,0.0
Cherry Tomato Sauce With Penne ,0.0,0.9757228493690491,0.0,0.0,0.0,0.0
Chicago Deep Dish Pizza,0.7793372869491577,0.20973025262355804,0.0,0.0,0.0,0.0
Chicago Inspired Italian Beef Sandwich ,0.0,0.43625301122665405,0.0,0.551084578037262,0.0,0.0
Chicago Style Hot Dog,0.0,0.0,0.0,0.0,0.0,0.9778662323951721
Chicago Style Pan Pizza,0.97684645652771,0.0,0.0,0.0,0.0,0.0
Chicken And Mushroom Chimichangas ,0.0,0.0,0.6102465987205505,0.37818974256515503,0.0,0.0
Chicken Little Semi Boneless Roast Game Hen,0.0,0.0,0.0,0.9715853929519653,0.0,0.0
Chicken With 20 Cloves Of Garlic ,0.0,0.9768480658531189,0.0,0.0,0.0,0.0
Chile Garlic Bbq Salmon,0.0,0.0,0.0,0.0,0.0,0.9679433107376099
Chile Verde Ii,0.0,0.0,0.0,0.9825129508972168,0.0,0.0
Chinese Barbeque Pork Char Siu,0.0,0.0,0.0,0.0,0.0,0.9831040501594543
Chinese Pepper Steak,0.0,0.0,0.0,0.0,0.0,0.9744847416877747
Chinese Pork Dumplings,0.0,0.0,0.0,0.0,0.0,0.9831041693687439
Chipotle Crusted Pork Tenderloin,0.0,0.0,0.0,0.0,0.0,0.9603121280670166
Chipotle Shrimp Tacos,0.0,0.366291344165802,0.2641691267490387,0.0,0.0,0.34898650646209717
Chop Suey,0.0,0.0,0.0,0.0,0.0,0.9744823575019836
Chorizo Steamed Clams,0.0,0.9679406881332397,0.0,0.0,0.0,0.0
Chorizo Stuffed Bell Peppers,0.5248652100563049,0.0,0.3990641236305237,0.0,0.0,0.06557704508304596
Christmas Prime Rib,0.0,0.0,0.0,0.9796692728996277,0.0,0.0
Cider Braised Pork Shoulder,0.0,0.0,0.0,0.9831036329269409,0.0,0.0
Cindys Jambalaya,0.0,0.8001785278320312,0.0,0.18478019535541534,0.0,0.0
Clam Sauce With Linguine,0.0,0.9632269144058228,0.0,0.0,0.0,0.0
Clams Italiano,0.0,0.9568892121315002,0.0,0.0,0.0,0.0
Classic And Simple Meat Lasagna,0.977871298789978,0.0,0.0,0.0,0.0,0.0
Classic Cuban Midnight Medianoche Sandwich,0.0,0.0,0.9603066444396973,0.0,0.0,0.0
Classic Fried Rice,0.0,0.0,0.0,0.0,0.0,0.9568822383880615
Classic Meatloaf,0.0,0.0,0.18209053575992584,0.22637102007865906,0.0,0.5833391547203064
Cocoa Cherry Pork,0.0,0.0,0.0,0.0,0.0,0.9768447875976562
Coconut Milk Corned Beef And Cabbage,0.0,0.0,0.0,0.0,0.3849982023239136,0.5987375974655151
Coconut Tilapia With Apricot Dipping Sauce,0.0,0.0,0.4765966534614563,0.0,0.0,0.4992983639240265
Cola Pot Roast Ii,0.0,0.0,0.7351481914520264,0.0,0.2421165108680725,0.0
Colorful Vegetable Fajitas,0.0,0.0,0.15955951809883118,0.8253986835479736,0.0,0.0
Coney Island Hot Dogs,0.0,0.0,0.0,0.0,0.0,0.9804635643959045
Copycat Fried Chicken Sandwich,0.0,0.0,0.98768150806427,0.0,0.0,0.0
Corn Dogs,0.0,0.0,0.6266819834709167,0.0,0.0,0.3529048264026642
Corned Beef Kimchi Fried Rice,0.0,0.0,0.0,0.0,0.0,0.9768428802490234
Cornish Finnish Michigan Pasties,0.0,0.0,0.13138438761234283,0.3350617587566376,0.519661009311676,0.0
Cotechino And Braised Beans,0.0,0.5127461552619934,0.0,0.4732644259929657,0.0,0.0
Cottage Meatloaf,0.0,0.0,0.0,0.0,0.0,0.9715839624404907
Country Fried Steak,0.0,0.0,0.5741198062896729,0.0,0.0,0.40023303031921387
Crab Legs With Garlic Butter Sauce,0.010420065373182297,0.010421146638691425,0.010420418344438076,0.9478995203971863,0.01041958574205637,0.010419284924864769
Crab Stuffed Filet Mignon With Whiskey Peppercorn Sauce,0.0,0.026819488033652306,0.0,0.9645941257476807,0.0,0.0
Crab Stuffed Flounder,0.0,0.0,0.9778702855110168,0.0,0.0,0.0
Cranberry Stuffed Game Hens,0.0,0.0,0.0,0.9859517216682434,0.0,0.0
Creamy Bay Scallop Spaghetti,0.0,0.978803813457489,0.0,0.0,0.0,0.0
Creamy Herbed Pork Chops,0.0,0.0,0.9679336547851562,0.0,0.0,0.0
Creamy Mushroom Meatloaf,0.0,0.0,0.40232011675834656,0.576168417930603,0.0,0.0
Creamy Pesto Shrimp,0.3112620711326599,0.656986653804779,0.0,0.0,0.0,0.0
Creamy Ricotta Pasta Sauce,0.5187425017356873,0.45560988783836365,0.0,0.0,0.0,0.0
Creamy Salmon And Leek Pasta,0.0,0.0,0.0,0.9738630652427673,0.0,0.0
Creamy Tomato Tuna Penne Pasta,0.0,0.983654797077179,0.0,0.0,0.0,0.0
Creole Crab Noodles,0.0,0.0,0.0,0.0,0.0,0.9811994433403015
Crispy Beer Batter Fish Chips,0.0,0.0,0.7155344486236572,0.0,0.0,0.2650426924228668
Crispy Fresh Corn Fritters With Crab And Chipotle Lime Dressing,0.0,0.0,0.9831023216247559,0.0,0.0,0.0
Crispy Pork Carnitas,0.0,0.0,0.0,0.9768461585044861,0.0,0.0
Crispy Pork Cutlets,0.0,0.0,0.42991429567337036,0.5585225820541382,0.0,0.0
Crispy Skin Salmon On Potato Mushroom Salad ,0.0,0.3833557069301605,0.0,0.5972223281860352,0.0,0.0
Crunchy Eggplant Parmesan,0.5188330411911011,0.0,0.4634629786014557,0.0,0.0,0.0
Crust For Veggie Pot Pie,0.01786046288907528,0.017860986292362213,0.4255995452404022,0.017862865701317787,0.5029547810554504,0.017861375585198402
Cuban Midnight Sandwich,0.0,0.0,0.9715834856033325,0.0,0.0,0.0
Curly Q Grilled Sausages ,0.010421599261462688,0.4055832326412201,0.010419958271086216,0.010419373400509357,0.010419169440865517,0.5527366995811462
Dads Cheesy Bacon Wrapped Meat Loaf,0.22136051952838898,0.0,0.5531665086746216,0.0,0.0,0.2109067738056183
Dads Leftover Turkey Pot Pie,0.0,0.0,0.34846028685569763,0.3196592926979065,0.2113780975341797,0.11350758373737335
Daves Low Country Boil,0.0,0.22876611351966858,0.0,0.74712735414505,0.0,0.0
Delicious Salmon,0.0,0.2742336690425873,0.0,0.0,0.0,0.6912785768508911
Detroit Style Pizza,0.3363834619522095,0.12849144637584686,0.5246325731277466,0.0,0.0,0.0
Deviled Lobster Tails,0.0,0.9632217288017273,0.0,0.0,0.0,0.0
Dirty Dirty Rice,0.0,0.0,0.0,0.8738043308258057,0.0,0.11078657954931259
Ditalini With Roasted Tomato Sauce And Goat Cheese,0.0,0.9788078665733337,0.0,0.0,0.0,0.0
Doreens Ham Slices On The Grill,0.015153210610151291,0.015157698653638363,0.015154127962887287,0.015155346132814884,0.01515339408069849,0.9242262244224548
Drunken Mussels,0.0,0.9744832515716553,0.0,0.0,0.0,0.0
Dry Aged Prime Rib,0.0,0.0,0.0,0.9715840220451355,0.0,0.0
Duck Adobo,0.0,0.0,0.0,0.5563690066337585,0.0,0.42592909932136536
Duck Fesenjan,0.0,0.0,0.0,0.9788082838058472,0.0,0.0
Dumplings,0.011629672721028328,0.01162995956838131,0.941844642162323,0.011630701832473278,0.011629641056060791,0.011635374277830124
Easiest Slow Cooker French Dip,0.0,0.0,0.9568870663642883,0.0,0.0,0.0
Easy Baked Beef Brisket,0.0,0.4701197147369385,0.0,0.508368730545044,0.0,0.0
Easy Baked Turkey Wings,0.0,0.0,0.632240891456604,0.338338702917099,0.0,0.0
Easy Corned Beef And Cabbage,0.0,0.0,0.0,0.15158109366893768,0.4549858272075653,0.37730059027671814
Easy French Dip Sandwiches,0.0,0.0,0.956885576248169,0.0,0.0,0.0
Easy Garlic Lemon Scallops,0.011629130691289902,0.941851019859314,0.01162986271083355,0.011631490662693977,0.011628641746938229,0.01162982638925314
Easy Herb Roasted Turkey,0.0,0.228371724486351,0.0,0.7371382117271423,0.0,0.0
Easy Homemade Pastrami,0.0,0.0,0.0,0.8929625153541565,0.08293529599905014,0.0
Easy Korean Ground Beef Bowl,0.0,0.0,0.0,0.0,0.0,0.9744871258735657
Easy Lasagna Ii,0.9715843796730042,0.0,0.0,0.0,0.0,0.0
Easy Meatloaf,0.0,0.0,0.35424473881721497,0.0,0.0,0.6112673878669739
Easy Mustard Glazed Broiled Salmon ,0.0,0.0,0.0,0.0,0.0,0.9568899273872375
Easy Oven Brown Rice,0.015154745429754257,0.015158128924667835,0.01515983697026968,0.015160560607910156,0.01515564788132906,0.9242110848426819
Easy Pleasy Mac N Cheesy   Us Navy Style,0.0,0.0,0.9731131196022034,0.0,0.0,0.0
Easy Slow Cooker French Dip,0.0,0.0,0.9603074789047241,0.0,0.0,0.0
Easy Tuna Patties,0.0,0.5245245695114136,0.4460555613040924,0.0,0.0,0.0
Easy Vegetable Pot Pie,0.0,0.0,0.6036036610603333,0.0,0.36464035511016846,0.0
Easy Yet Romantic Filet Mignon,0.0,0.0,0.0,0.9568856954574585,0.0,0.0
Eggplant Lasagna,0.8231879472732544,0.15985801815986633,0.0,0.0,0.0,0.0
Eggplant Parmesan Casserole ,0.41758233308792114,0.5689010620117188,0.0,0.0,0.0,0.0
El Paso Pizza,0.32676345109939575,0.0,0.0,0.0,0.0,0.6555281281471252
Exchange Gang Pasta With Shrimp,0.20658111572265625,0.7771555185317993,0.0,0.0,0.0,0.0
Fabulous Beef Tenderloin,0.01515323854982853,0.015153245069086552,0.015156421810388565,0.43108585476875305,0.01515331119298935,0.5082979202270508
Farmers Market Vegetarian Quesadillas,0.0,0.47986552119255066,0.49740108847618103,0.0,0.0,0.0
Farro With Wild Mushrooms,0.0,0.9256137609481812,0.0,0.0,0.0,0.055861227214336395
Fast English Muffin Pizzas,0.9418509602546692,0.011629626154899597,0.01162993535399437,0.01162934023886919,0.01162986271083355,0.011630279012024403
Fast Salmon With A Ginger Glaze,0.0,0.0,0.0,0.0,0.0,0.9715805053710938
Fast Upside Down Turkey,0.0,0.0,0.0,0.9657459259033203,0.0,0.0
Fennel Smoked Salmon,0.0,0.9768428206443787,0.0,0.0,0.0,0.0
Feta And Olive Meatballs,0.3894519507884979,0.5728037357330322,0.0,0.0,0.0,0.0
Feta Cheese Turkey Burgers,0.46034035086631775,0.4931343197822571,0.011631575413048267,0.01163247600197792,0.011630848981440067,0.011630416847765446
Fettuccine Alfredo V,0.9568833112716675,0.0,0.0,0.0,0.0,0.0
Fettuccini With Mushroom Ham And Rose Sauce,0.2821487784385681,0.6951175928115845,0.0,0.0,0.0,0.0
Firecracker Grilled Alaska Salmon,0.0,0.0,0.0,0.0,0.0,0.974485456943512
Firecracker Shrimp Roll With Crab Aioli,0.0,0.21691586077213287,0.7736917734146118,0.0,0.0,0.0
Fish Roll Ups,0.0,0.35112428665161133,0.4467906653881073,0.0,0.0,0.1850334107875824
Fish Tacos,0.0,0.0,0.6861424446105957,0.29881301522254944,0.0,0.0
Fish Tacos Ultimo,0.0,0.0,0.45918238162994385,0.5272997617721558,0.0,0.0
Fish Tacos With Honey Cumin Cilantro Slaw And Chipotle Mayo,0.0,0.0,0.3989174962043762,0.0,0.0,0.5904413461685181
Flank Steak Roulade,0.0,0.9846583604812622,0.0,0.0,0.0,0.0
Flavorful Flounder For The Oven,0.0,0.5698457956314087,0.39839866757392883,0.0,0.0,0.0
Flounder Mediterranean,0.0,0.9796698093414307,0.0,0.0,0.0,0.0
Folded Pork Cutlets,0.0,0.0,0.5772581100463867,0.405789315700531,0.0,0.0
Foolproof Rib Roast,0.010418695397675037,0.010418806225061417,0.010419666767120361,0.9479041695594788,0.0104184839874506,0.010420122183859348
Four Cheese Margherita Pizza,0.9744833707809448,0.0,0.0,0.0,0.0,0.0
Fra Diavolo Sauce With Pasta,0.0,0.9698755741119385,0.0,0.0,0.0,0.0
French Dip Sandwiches,0.0,0.0,0.0,0.7833575010299683,0.0,0.1909947693347931
French Leek Pie,0.0,0.0,0.7551150918006897,0.0,0.21039123833179474,0.0
Fried Corn With Smoked Sausage,0.0,0.0,0.0,0.9804611206054688,0.0,0.0
Fried Rice I,0.0,0.0,0.0,0.20304052531719208,0.0,0.7754482626914978
Fry Bread Tacos Ii,0.0,0.0,0.9778696894645691,0.0,0.0,0.0
Garlic Alfredo Tilapia,0.01042031217366457,0.9478998184204102,0.010420420207083225,0.010419630445539951,0.01041842345148325,0.010421411134302616
Garlic Fennel Flank Steak With Oranges ,0.0,0.9768456816673279,0.0,0.0,0.0,0.0
Garlic Noodles,0.07844550907611847,0.18429823219776154,0.0,0.0,0.0,0.7259742021560669
Garlic Prime Rib,0.0,0.0,0.0,0.9528225064277649,0.0,0.0
Garlic Salmon,0.0,0.0,0.0,0.9568857550621033,0.0,0.0
Garlic Steak With Garlic,0.0,0.0,0.0,0.974482536315918,0.0,0.0
Garlicky Appetizer Shrimp Scampi,0.0,0.8391484022140503,0.0,0.13344766199588776,0.0,0.0
German Potato Dumplings Kartoffelkloesse,0.0,0.0,0.9715795516967773,0.0,0.0,0.0
German Rouladen,0.0,0.0,0.7691639065742493,0.0,0.0,0.20343010127544403
German Spaetzle Dumplings,0.0,0.0,0.9568881988525391,0.0,0.0,0.0
Ginger Glazed Mahi Mahi,0.0,0.0,0.0,0.357724130153656,0.0,0.6181747913360596
Glazed Baked Ham,0.027785373851656914,0.027783488854765892,0.027787627652287483,0.8610650897026062,0.027788959443569183,0.027789469808340073
Glazed Corned Beef,0.010418647900223732,0.010418062098324299,0.01041916199028492,0.010418551042675972,0.010426520369946957,0.9478990435600281
Glazed Ham,0.0,0.0,0.0,0.0,0.0,0.9603084325790405
Glazed Meatloaf I,0.0,0.0,0.0,0.0,0.0,0.9679373502731323
Glazed Meatloaf Ii,0.0,0.0,0.0,0.0,0.0,0.9657433032989502
Gnocchi Bake,0.947909951210022,0.010418142192065716,0.010418711230158806,0.010417449288070202,0.010417597368359566,0.010418166406452656
Gorgonzola Cream Sauce,0.1772063672542572,0.8050881624221802,0.0,0.0,0.0,0.0
Gouda And Spinach Stuffed Pork Chops,0.40959247946739197,0.0,0.0,0.5586491227149963,0.0,0.0
Gourmet Mushroom Risotto,0.0,0.9768461585044861,0.0,0.0,0.0,0.0
Grandmas Polish Perogies,0.0,0.0,0.9768468737602234,0.0,0.0,0.0
Grecian Pork Tenderloin,0.010418517515063286,0.010421335697174072,0.010418073274195194,0.9479057192802429,0.010417291894555092,0.0104190893471241
Grilled Beef Tenderloin With Herb Garlic Pepper Coating,0.0,0.0,0.0,0.9528221487998962,0.0,0.0
Grilled Cheese Sandwich,0.017860786989331245,0.01786058582365513,0.9107018113136292,0.017859602347016335,0.01785774528980255,0.017859414219856262
Grilled Cod,0.0,0.9657455682754517,0.0,0.0,0.0,0.0
Grilled Coffee And Cola Skirt Steak,0.0,0.0,0.0,0.44324174523353577,0.0,0.5398035049438477
Grilled Filet Mignon With Gorgonzola Cream Sauce,0.0,0.0,0.6045762300491333,0.37915849685668945,0.0,0.0
Grilled Fish Steaks,0.0,0.9568908214569092,0.0,0.0,0.0,0.0
Grilled Fish Tacos With Chipotle Lime Dressing,0.0,0.07914485782384872,0.0,0.6602020859718323,0.0,0.25515684485435486
Grilled Flat Iron Steak,0.013160564936697483,0.9341894388198853,0.01316171232610941,0.013162786141037941,0.013160736300051212,0.013164752162992954
Grilled Flat Iron Steak With Blue Cheese Chive Butter,0.0,0.9778692722320557,0.0,0.0,0.0,0.0
Grilled Game Hens With Blood Orange And Rosemary,0.0,0.0,0.0,0.9715829491615295,0.0,0.0
Grilled Garlic And Herb Shrimp,0.0,0.8149036765098572,0.0,0.0,0.0,0.16236448287963867
Grilled Halibut Steaks With Corn And Chanterelles ,0.0,0.9731115698814392,0.0,0.0,0.0,0.0
Grilled Halibut With Cilantro Garlic Butter,0.0,0.46248388290405273,0.0,0.5030282735824585,0.0,0.0
Grilled Hoisin Beef,0.0,0.0,0.0,0.0,0.0,0.9825153350830078
Grilled Kiwi And Chili Rubbed Short Ribs,0.0,0.0,0.0,0.0,0.0,0.9768455624580383
Grilled Korean Style Beef Short Ribs,0.0,0.0,0.0,0.0,0.0,0.9812002182006836
Grilled Lamb Shoulder Chops With Fresh Mint Jelly,0.0,0.9788079857826233,0.0,0.0,0.0,0.0
Grilled Lamb With Brown Sugar Glaze,0.0,0.0,0.0,0.5385433435440063,0.0,0.42696788907051086
Grilled Lemon And Rosemary Lamb Chops,0.0,0.0,0.0,0.9679406881332397,0.0,0.0
Grilled Lemon Herb Pork Chops,0.0,0.22449421882629395,0.0,0.7377641797065735,0.0,0.0
Grilled Marinated Shrimp,0.0,0.9744828939437866,0.0,0.0,0.0,0.0
Grilled Marinated Swordfish,0.0,0.8368086218833923,0.0,0.0,0.0,0.14168141782283783
Grilled Mediterranean Vegetable Sandwich,0.0,0.9657434821128845,0.0,0.0,0.0,0.0
Grilled Mongolian Pork Chops,0.0,0.0,0.0,0.0,0.0,0.9887863397598267
Grilled Pastrami Spiced Lamb Top Sirloin,0.0,0.0,0.0,0.9768462181091309,0.0,0.0
Grilled Pattypan Squash With Hot Chorizo Vinaigrette,0.0,0.9744816422462463,0.0,0.0,0.0,0.0
Grilled Pork Loin Chops,0.0,0.0,0.0,0.0,0.0,0.9715847969055176
Grilled Pork Tenderloin,0.010417995043098927,0.010418723337352276,0.01041849609464407,0.010420816950500011,0.010417114943265915,0.9479069113731384
Grilled Rock Lobster Tails,0.0,0.7668075561523438,0.0,0.20143760740756989,0.0,0.0
Grilled Root Beer Beef,0.0,0.0,0.0,0.0,0.0,0.9778730273246765
Grilled Rosemary Pork Chops,0.013159271329641342,0.01316106878221035,0.013159220106899738,0.1704791635274887,0.013159142807126045,0.7768821120262146
Grilled Salmon I,0.0,0.0,0.0,0.0,0.0,0.9632288813591003
Grilled Salmon Ii,0.0,0.0,0.0,0.0,0.0,0.9744852781295776
Grilled Salmon Kyoto,0.0,0.180159330368042,0.0,0.0,0.0,0.8013189435005188
Grilled Salmon With Bacon And Corn Relish,0.0,0.6602426767349243,0.0,0.32709547877311707,0.0,0.0
Grilled Salmon With Habanero Lime Butter,0.0,0.0,0.0,0.9796698689460754,0.0,0.0
Grilled Sausage With Potatoes And Green Beans,0.0,0.0,0.0,0.9657443761825562,0.0,0.0
Grilled Sea Bass,0.0,0.715100109577179,0.0,0.2644876539707184,0.0,0.0
Grilled Sea Bass With Chili Lime Dressing,0.0,0.0,0.0,0.0,0.0,0.9796699285507202
Grilled Skirt Steak With Homemade Asian Barbeque Marinade,0.0,0.0,0.0,0.0,0.0,0.9657502174377441
Grilled Spanish Mustard Beef ,0.0,0.29062962532043457,0.0,0.3313901126384735,0.0,0.358747273683548
Grilled Spicy Lamb Burgers,0.0,0.9788057208061218,0.0,0.0,0.0,0.0
Grilled Stuffed Portobello Mushrooms,0.0,0.7583726048469543,0.0,0.21422336995601654,0.0,0.0
Grilled Tandoori Lamb,0.0,0.0,0.0,0.9811981916427612,0.0,0.0
Grilled Tilapia With Mango Salsa,0.0,0.9825140237808228,0.0,0.0,0.0,0.0
Grilled Tri Tip With Oregon Herb Rub,0.0,0.0,0.0,0.9698736667633057,0.0,0.0
Grilled Tuna With Fresh Horseradish,0.0,0.0,0.0,0.0,0.0,0.974483072757721
Gs Flank Steak Marinade,0.0,0.1425318419933319,0.0,0.0,0.0,0.8333683013916016
Halibut With Rice Wine,0.0,0.0,0.0,0.0,0.0,0.9768458604812622
Halupki Stuffed Cabbage,0.0,0.09919579327106476,0.0,0.0,0.0,0.8838496208190918
Ham And Beans And More,0.0,0.0,0.0,0.981878936290741,0.0,0.0
Ham And Cheese Quiche,0.2587403357028961,0.0,0.32285240292549133,0.0,0.4003309905529022,0.0
Ham And Pineapple Kabobs,0.0,0.0,0.0,0.0,0.0,0.9568913578987122
Ham With Honey And Brown Sugar Glaze,0.013158900663256645,0.013159914873540401,0.013159126974642277,0.01316030789166689,0.013158834539353848,0.9342029094696045
Ham With Pineapple,0.15201851725578308,0.0,0.0,0.0,0.0,0.820572018623352
Hamburger Steak With Onions And Gravy,0.0,0.0,0.3665007948875427,0.2001899778842926,0.0,0.4187435507774353
Happy Shrimp,0.0,0.9731130003929138,0.0,0.0,0.0,0.0
Harvest Rice Dish,0.0,0.0,0.0,0.6378909945487976,0.0,0.3426848351955414
Healthier Broiled Tilapia Parmesan,0.0,0.4704580307006836,0.505435049533844,0.0,0.0,0.0
Healthier Brown Sugar Meatloaf,0.0,0.0,0.5173143148422241,0.0,0.0,0.455281525850296
Hearty Vegetable Lasagna,0.9757195115089417,0.0,0.0,0.0,0.0,0.0
Heathers Grilled Salmon,0.0,0.503359854221344,0.0,0.0,0.0,0.469237744808197
Heavenly Halibut,0.0,0.39305585622787476,0.5812954902648926,0.0,0.0,0.0
Herbed Pork And Apples,0.0,0.0,0.0,0.7949053645133972,0.0,0.1856730431318283
Hillshire Farmr Sausage Alfredo,0.9603061079978943,0.0,0.0,0.0,0.0,0.0
Home Cured Holiday Ham,0.0,0.0,0.0,0.7106207609176636,0.0,0.2737492322921753
Homemade Italian Sausage,0.0,0.09067002683877945,0.0,0.4938628673553467,0.0,0.4053289294242859
Homemade Lasagna,0.8509061336517334,0.0,0.0,0.0,0.0,0.13346514105796814
Homemade Sloppy Joes,0.0,0.0,0.0,0.0,0.0,0.9757237434387207
Homemade Wonton Soup,0.0,0.21166566014289856,0.0,0.193367600440979,0.0,0.585159420967102
Homestyle Turkey The Michigander Way,0.0,0.0,0.9528166651725769,0.0,0.0,0.0
Honey Ginger Grilled Salmon,0.0,0.0,0.0,0.0,0.0,0.9568902254104614
Honey Glazed Ham,0.013162638060748577,0.013164295814931393,0.265352725982666,0.013164347968995571,0.013165812939405441,0.6819901466369629
Honey Grilled Shrimp,0.0,0.4951314926147461,0.0,0.0,0.0,0.48445358872413635
Honey Walnut Shrimp,0.0,0.0,0.790621280670166,0.0,0.0,0.18995410203933716
Hot Tamale Pie,0.0,0.0,0.9757227897644043,0.0,0.0,0.0
Hot Wheels Pasta,0.0,0.9890313744544983,0.0,0.0,0.0,0.0
How To Cook A Turkey,0.0,0.0,0.0,0.9679436087608337,0.0,0.0
How To Cook Trout,0.0,0.9603038430213928,0.0,0.0,0.0,0.0
How To Dry Brine Pork Chops,0.0,0.0,0.0,0.9568890929222107,0.0,0.0
How To Make A Simple Meat Sauce,0.0,0.646964430809021,0.3395182490348816,0.0,0.0,0.0
How To Make Beef Satay,0.0,0.0,0.0,0.0,0.0,0.9804654121398926
How To Make Cassoulet,0.0,0.0,0.0,0.9901151657104492,0.0,0.0
How To Make Coquilles Saint Jacques ,0.0,0.9841721653938293,0.0,0.0,0.0,0.0
How To Make Turkey Manicotti ,0.275309681892395,0.40911346673965454,0.30799931287765503,0.0,0.0,0.0
Indian Eggplant   Bhurtha,0.0,0.0,0.0,0.37785521149635315,0.0,0.6017322540283203
Indian Fish Curry,0.0,0.0,0.0,0.5121307373046875,0.0,0.474794864654541
Individual Beef Wellingtons,0.010420597158372402,0.010421204380691051,0.01042147446423769,0.5877059698104858,0.37061116099357605,0.010419572703540325
Instant Mac And Cheese,0.0,0.0,0.9715861678123474,0.0,0.0,0.0
Instant Pot Salisbury Steak With Onion And Mushroom Gravy,0.0,0.0,0.6768176555633545,0.0,0.0,0.308140367269516
Instant Potr Mushroom Risotto,0.0,0.9744825959205627,0.0,0.0,0.0,0.0
Iowa Pork Steak,0.0,0.0,0.5144146084785461,0.0,0.0,0.4678821265697479
Irish Shepherds Pie,0.0,0.0,0.5067161917686462,0.48171931505203247,0.0,0.0
Island Style Fried Rice,0.0,0.0,0.0,0.0,0.0,0.9811941385269165
Israeli Couscous And Cheese,0.0,0.0,0.9731099605560303,0.0,0.0,0.0
Italian Grilled Cheese Sandwiches,0.559948742389679,0.0,0.4106302559375763,0.0,0.0,0.0
Italian Sausage And Zucchini,0.24299849569797516,0.7192564606666565,0.0,0.0,0.0,0.0
Italian Sausage Baby Back Ribs,0.0,0.0,0.0,0.0,0.0,0.9831031560897827
Italian Sausage Peppers And Onions,0.0,0.9757232666015625,0.0,0.0,0.0,0.0
Italian Style Turkey Meatloaf,0.0,0.0,0.9632249474525452,0.0,0.0,0.0
Italian Turkey Meatballs,0.0,0.3102063834667206,0.6703678965568542,0.0,0.0,0.0
Jagerschnitzel,0.0,0.0,0.9731107354164124,0.0,0.0,0.0
Jalapeno Popper Grilled Cheese Sandwich,0.0,0.0,0.9715837240219116,0.0,0.0,0.0
Jalapeno Steak,0.0,0.0,0.0,0.9568868279457092,0.0,0.0
Japanese Beef Stir Fry,0.0,0.0,0.0,0.0,0.0,0.9851121306419373
Jewish Style Sweet And Sour Brisket,0.0,0.0,0.0,0.0,0.0,0.9568864703178406
Jimmys Mexican Pizza,0.0,0.0,0.5990907549858093,0.3864116370677948,0.0,0.0
Johnsonviller Italian Meatballs,0.5520935654640198,0.0,0.4184865355491638,0.0,0.0,0.0
Juicy Lucy Burgers,0.0,0.0,0.9568836092948914,0.0,0.0,0.0
Juicy Thanksgiving Turkey,0.0,0.0,0.0,0.9715844988822937,0.0,0.0
Kaese Spaetzle,0.0,0.0,0.9528207778930664,0.0,0.0,0.0
Kalbi Korean Bbq Short Ribs,0.0,0.0,0.0,0.0,0.0,0.9731141328811646
Kalua Pig In A Slow Cooker,0.011631308123469353,0.011631696484982967,0.011631500907242298,0.3455589711666107,0.011631974950432777,0.6079145669937134
Kathys Roast And Vegetables,0.0,0.0,0.06051697954535484,0.49182918667793274,0.4315205514431,0.0
Keema Aloo Ground Beef And Potatoes,0.0,0.21991045773029327,0.0,0.38401809334754944,0.0,0.3847902715206146
Kielbasa And Cabbage,0.0,0.0,0.0,0.0,0.0,0.969868540763855
Kielbasa With Brussels Sprouts,0.0,0.960301399230957,0.0,0.0,0.0,0.0
Kimchi Corned Beef,0.0,0.0,0.0,0.0,0.9698683023452759,0.0
King Ranch Chicken Casserole ,0.0,0.0,0.5277885794639587,0.3772887587547302,0.0,0.08819416165351868
Kofta Kebabs,0.0,0.0,0.0,0.9731112718582153,0.0,0.0
Koji Rubbed Steak,0.010418876074254513,0.010420486330986023,0.010419558733701706,0.9478987455368042,0.01041950099170208,0.010422869585454464
Korean Barbecued Rack Of Lamb,0.0,0.0,0.0,0.0,0.0,0.9788095355033875
Korean Bbq Beef Pul Kogi,0.0,0.0,0.0,0.0,0.0,0.9744855761528015
Korean Bbq Short Ribs Gal Bi,0.0,0.0,0.0,0.0,0.0,0.9788101315498352
Kosher Salt Encrusted Prime Rib Roast,0.011629266664385796,0.01163029670715332,0.011631150729954243,0.9418501853942871,0.011628868989646435,0.011630184948444366
Kraut Bierocks,0.0,0.0,0.980462372303009,0.0,0.0,0.0
Kris Amazing Shredded Mexican Beef,0.0,0.0,0.0,0.0,0.0,0.978807270526886
Lamb Borek,0.0,0.8971726298332214,0.0,0.0,0.0,0.09507269412279129
Lamb Braised In Pomegranate,0.0,0.6768563389778137,0.0,0.2110842615365982,0.0,0.10192189365625381
Lamb Meatballs And Sauce,0.0,0.8738353848457336,0.11112319678068161,0.0,0.0,0.0
Lamb Shank Vindaloo,0.0,0.0,0.0,0.6624686121940613,0.0,0.3262924253940582
Lamb Tagine,0.0,0.0,0.0,0.9855445027351379,0.0,0.0
Laotian Grilled Chicken Ping Gai,0.0,0.0,0.0,0.1683150976896286,0.0,0.8186105489730835
Lasagna Roll Ups,0.9679452180862427,0.0,0.0,0.0,0.0,0.0
Lasagna Stuffed Shells,0.9788083434104919,0.0,0.0,0.0,0.0,0.0
Lazy Pork Dumplings,0.0,0.0,0.0,0.3595874607563019,0.0,0.6305567026138306
Leftover Ham  N  Potato Casserole,0.0,0.0,0.963228702545166,0.0,0.0,0.0
Lemon Pepper Salmon,0.0,0.9698687791824341,0.0,0.0,0.0,0.0
Lemon Pepper Salmon Ii,0.01515295822173357,0.4067147970199585,0.015155275352299213,0.015156487934291363,0.01515275053679943,0.5326676964759827
Lighter Spaghetti Alfredo With Cauliflower,0.14344091713428497,0.8453198671340942,0.0,0.0,0.0,0.0
Lindas Lasagna,0.7758928537368774,0.0,0.0,0.0,0.0,0.20640406012535095
Linguine Pasta With Shrimp And Tomatoes,0.0,0.9731143712997437,0.0,0.0,0.0,0.0
Linguine With Scampi,0.0,0.9568905234336853,0.0,0.0,0.0,0.0
Linguine With Seafood And Sundried Tomatoes,0.0,0.9778706431388855,0.0,0.0,0.0,0.0
Lions Head Meatballs,0.0,0.0,0.0,0.0,0.0,0.991463840007782
Little Lamb Meatballs In A Spicy Eggplant Tomato Sauce,0.0,0.7840608358383179,0.0,0.20327743887901306,0.0,0.0
Little Meat Loaves,0.23791474103927612,0.0,0.1766022890806198,0.0,0.0,0.5715917348861694
Liver And Onions,0.0,0.0,0.9528159499168396,0.0,0.0,0.0
Lobster Newberg,0.0,0.7131444811820984,0.2641225755214691,0.0,0.0,0.0
Lobster Tails Steamed In Beer,0.03846733644604683,0.03847019374370575,0.03847134858369827,0.03847242891788483,0.8076473474502563,0.03847130015492439
London Broil I,0.0,0.0,0.0,0.0,0.0,0.9632253646850586
London Broil Ii,0.0,0.0,0.0,0.0,0.0,0.9603062272071838
Loris Famous Crab Cakes,0.0,0.0,0.23267696797847748,0.46645593643188477,0.0,0.29288622736930847
Lovers Beef Burgundy Filet,0.0,0.0,0.0,0.6920648813247681,0.0,0.2894107699394226
Macadamia Crusted Sea Bass With Mango Cream Sauce,0.0,0.9804648756980896,0.0,0.0,0.0,0.0
Macaroni And Cheese With Caramelized Onions And Bacon,0.0,0.0,0.9846588969230652,0.0,0.0,0.0
Mahi Mahi With Coconut Rice And Mango Salsa,0.0,0.3121049404144287,0.0,0.0,0.0,0.6763310432434082
Mama Corleones Sausage And Peppers,0.15983077883720398,0.8224671483039856,0.0,0.0,0.0,0.0
Mamas Best Broiled Tomato Sandwich,0.0,0.9632246494293213,0.0,0.0,0.0,0.0
Manhattan Filet With Pan Sauce Bordelaise,0.0,0.0,0.0,0.9698742032051086,0.0,0.0
Manicotti,0.9698734283447266,0.0,0.0,0.0,0.0,0.0
Manicotti Alla Romana,0.8170421719551086,0.1673276722431183,0.0,0.0,0.0,0.0
Maple Baked Pork Loin Roast,0.0,0.0,0.0,0.8369095921516418,0.0,0.13367195427417755
Maple Brined Pork Loin,0.0,0.0,0.0,0.9788070321083069,0.0,0.0
Maple Glazed Ribs,0.0,0.0,0.0,0.0,0.0,0.9657496213912964
Maple Roast Turkey And Gravy,0.0,0.0,0.0,0.9796708822250366,0.0,0.0
Maple Salmon,0.010418436489999294,0.010419744998216629,0.010418666526675224,0.06500629335641861,0.01041746698319912,0.8933194279670715
Margarita Grilled Shrimp,0.0,0.4578159749507904,0.0,0.5180808901786804,0.0,0.0
Maries Easy Slow Cooker Pot Roast,0.0,0.0,0.0,0.5252458453178406,0.437010258436203,0.0
Marinated Flank Steak,0.0,0.0,0.0,0.0,0.0,0.9731137752532959
Marinated Grilled Shrimp,0.0,0.9679415822029114,0.0,0.0,0.0,0.0
Marinated Pork Tenderloin,0.0,0.0,0.0,0.25379619002342224,0.0,0.7167856693267822
Marinated Tuna Steak,0.0,0.7627397179603577,0.0,0.0,0.0,0.2116153985261917
Marinated Turkey Breast,0.0,0.24962852895259857,0.0,0.06970200687646866,0.0,0.6601172685623169
Marrakesh Vegetable Curry,0.0,0.5040404796600342,0.0,0.48288241028785706,0.0,0.0
Marsala Marinated Skirt Steak,0.0,0.0,0.0,0.4326505959033966,0.0,0.5379277467727661
Marys Meatloaf,0.0,0.0,0.1795857697725296,0.0,0.0,0.7963135242462158
Meat Pie Tourtiere,0.0,0.0,0.0,0.40976548194885254,0.5675007700920105,0.0
Meatball Nirvana,0.0,0.24032357335090637,0.7434110641479492,0.0,0.0,0.0
Meatball Sandwich,0.9778692722320557,0.0,0.0,0.0,0.0,0.0
Meatball Stuffed Garlic Bread Sliders,0.0,0.24587082862854004,0.7401394248008728,0.0,0.0,0.0
Mediterranean Pasta,0.2731250524520874,0.7027711868286133,0.0,0.0,0.0,0.0
Melt In Your Mouth Broiled Salmon,0.0,0.8071717023849487,0.0,0.0,0.0,0.17009638249874115
Melt In Your Mouth Meat Loaf,0.0,0.0,0.4007560908794403,0.0,0.0,0.5735942125320435
Men Love This Steak,0.0,0.0,0.4348657727241516,0.0,0.0,0.5436230897903442
Mexican Rice,0.0,0.0,0.3008776307106018,0.2703571915626526,0.0,0.4189588129520416
Midwest Salisbury Steak,0.0,0.0,0.981198787689209,0.0,0.0,0.0
Million Dollar Spaghetti,0.46383821964263916,0.0,0.5120632648468018,0.0,0.0,0.0
Mimis Slumgullion,0.0,0.0,0.0,0.9679393172264099,0.0,0.0
Mini Meatloaves,0.0,0.0,0.5448111295700073,0.0,0.0,0.4207000434398651
Mint Crusted Rack Of Lamb,0.0,0.34547939896583557,0.0,0.6426127552986145,0.0,0.0
Miso Braised Beef With King Mushrooms,0.0,0.0,0.0,0.7219133973121643,0.0,0.2658134400844574
Miso Glazed Skirt Steak,0.0,0.0,0.0,0.0,0.0,0.9679418206214905
Miso Maple Glazed Salmon,0.0,0.0,0.0,0.0,0.0,0.9679406881332397
Mississippi Beef Short Ribs,0.0,0.0,0.336673378944397,0.6134509444236755,0.0,0.04189513251185417
Mississippi Pot Roast,0.0,0.0,0.9731104969978333,0.0,0.0,0.0
Mississippi Roast   Slow Cooker Pepperoncini Pot Roast,0.010417735204100609,0.010418122634291649,0.9479087591171265,0.010419141501188278,0.010418063029646873,0.010418195277452469
Molasses Brined Pork Chops,0.0,0.0,0.0,0.9568853378295898,0.0,0.0
Moms Stovetop Pork Ribs,0.0,0.0,0.0,0.7428232431411743,0.0,0.22977368533611298
Moms Sushi Rice,0.0,0.0,0.0,0.0,0.0,0.9568834900856018
Mongolian Beef And Spring Onions,0.0,0.0,0.0,0.0,0.0,0.977871835231781
Moroccan Spiced Pork Roast,0.0,0.0,0.0,0.9882598519325256,0.0,0.0
Mostaccioli With Spinach And Feta,0.40509578585624695,0.5675033330917358,0.0,0.0,0.0,0.0
Mozzarella Stuffed Pesto Turkey Meatballs,0.383600115776062,0.3635138273239136,0.23960913717746735,0.0,0.0,0.0
Mushroom Meatloaf,0.010418888181447983,0.010418877936899662,0.8132903575897217,0.01041952520608902,0.010417716577649117,0.14503467082977295
Mushroom Pie,0.0,0.0,0.9679355025291443,0.0,0.0,0.0
Mushroom Risotto,0.0,0.4524914026260376,0.46391934156417847,0.06745454668998718,0.0,0.0
New Orleans Barbeque Shrimp,0.0,0.26603126525878906,0.0,0.45141783356666565,0.0,0.26724129915237427
New Years Good Luck Pasta Fazool,0.0,0.7732736468315125,0.0,0.21320895850658417,0.0,0.0
No Cream Pasta Primavera,0.0,0.9870416522026062,0.0,0.0,0.0,0.0
No Noodle Zucchini Lasagna,0.6379005908966064,0.3320203125476837,0.0,0.0,0.0,0.020272744819521904
North Carolina Style Pulled Pork,0.0,0.0,0.0,0.0,0.0,0.9870436191558838
Oaxacan Tacos,0.0,0.0,0.0,0.9698724746704102,0.0,0.0
Oklahoma Brisket,0.0,0.0,0.0,0.0,0.0,0.9731133580207825
Old Fashioned Mac And Cheese,0.0,0.0,0.9679407477378845,0.0,0.0,0.0
Olive Oil Poached Tuna ,0.0,0.9679421782493591,0.0,0.0,0.0,0.0
One Pan Orecchiette Pasta,0.0,0.9715829491615295,0.0,0.0,0.0,0.0
One Skillet Mexican Quinoa,0.0,0.3894772529602051,0.0,0.5960260629653931,0.0,0.0
Orange And Milk Braised Pork Carnitas,0.0,0.0,0.09593915939331055,0.8766578435897827,0.0,0.0
Oregon Salmon Patties,0.011631364934146404,0.01163261104375124,0.547455370426178,0.011632757261395454,0.011631862260401249,0.4060159921646118
Original Homemade Italian Beef,0.010418805293738842,0.01041818130761385,0.9479073286056519,0.010418776422739029,0.010417962446808815,0.010418964549899101
Oven Baked Bbq Ribs,0.0,0.0,0.0,0.0,0.0,0.9657496213912964
Oven Pot Roast,0.0,0.0,0.9657453894615173,0.0,0.0,0.0
Oven Roasted Turkey Breast,0.0,0.3568234145641327,0.2679964303970337,0.36504220962524414,0.0,0.0
Oxtail Ragu,0.0,0.4816710650920868,0.0,0.5064199566841125,0.0,0.0
Pams Bierocks,0.0,0.0,0.971584141254425,0.0,0.0,0.0
Pan Fried Halibut Steak With Light Green Sauce,0.0,0.8613113164901733,0.11304260790348053,0.0,0.0,0.0
Pan Roasted 5 Spice Pork Loin,0.0,0.0,0.0,0.0,0.0,0.9811984300613403
Pan Seared Salmon I,0.011628844775259495,0.9418525099754333,0.011629467830061913,0.01163105946034193,0.011628289707005024,0.011629813350737095
Parmesan Crusted Pork Chops,0.9341862797737122,0.013161157257854939,0.013164406642317772,0.013164357282221317,0.013160781003534794,0.013163018971681595
Parmesan Crusted Tilapia Fillets,0.0,0.9528192281723022,0.0,0.0,0.0,0.0
Parmesan Sage Pork Chops,0.0,0.3103012144565582,0.41467148065567017,0.257977157831192,0.0,0.0
Pasta Primavera With Italian Turkey Sausage,0.31040486693382263,0.6760773062705994,0.0,0.0,0.0,0.0
Pasties Ii,0.0,0.0,0.0,0.33366313576698303,0.6406879425048828,0.0
Pattis Mussels A La Mariniere,0.0,0.9731115102767944,0.0,0.0,0.0,0.0
Penang Pork Satay,0.0,0.0,0.0,0.0,0.0,0.9870438575744629
Penne A La Vodka Ii,0.0,0.9603115916252136,0.0,0.0,0.0,0.0
Penne And Vodka Sauce,0.2443898469209671,0.7261919975280762,0.0,0.0,0.0,0.0
Penne Pasta With Peas And Prosciutto,0.0,0.9788075089454651,0.0,0.0,0.0,0.0
Penne Russo A La Vodka,0.0,0.971585214138031,0.0,0.0,0.0,0.0
Penne With Spicy Vodka Tomato Cream Sauce,0.0,0.9768486618995667,0.0,0.0,0.0,0.0
Pennsylvania Coal Region Barbecue,0.0,0.0,0.0,0.0,0.0,0.9603115916252136
Peposa Dellimpruneta Tuscan Black Pepper Beef,0.0,0.0,0.0,0.978806734085083,0.0,0.0
Pepper Honey Cedar Plank Salmon,0.0,0.1666368842124939,0.0,0.0,0.0,0.818322479724884
Peppercorn Roast Beef ,0.0,0.0,0.0,0.982512891292572,0.0,0.0
Peppered Shrimp Alfredo,0.1245933547616005,0.8603658676147461,0.0,0.0,0.0,0.0
Pepperoncini Beef,0.0,0.0,0.9528183341026306,0.0,0.0,0.0
Perfect Ten Baked Cod,0.0,0.4904477298259735,0.0,0.0,0.0,0.48544615507125854
Personal Portobello Pizza,0.9603078365325928,0.0,0.0,0.0,0.0,0.0
Pesto Pizza,0.6609835624694824,0.3149121105670929,0.0,0.0,0.0,0.0
Pesto Turkey Burgers,0.947904109954834,0.01041943859308958,0.010419739410281181,0.01042011845856905,0.010417978279292583,0.01041864138096571
Philly Cheesesteak Sandwich With Garlic Mayo,0.13774177432060242,0.0,0.31418177485466003,0.5347980260848999,0.0,0.0
Pigs In A Blanket,0.9242218136787415,0.01515495590865612,0.015157380141317844,0.015154685825109482,0.015156530775129795,0.015154638327658176
Pineapple Grilled Pork Chops,0.0,0.0,0.0,0.0,0.0,0.9632296562194824
Pineapple Pulled Pork Al Pastor,0.0,0.0,0.0,0.3249380588531494,0.0,0.6644213795661926
Pistachio Crusted Rack Of Lamb,0.0,0.0,0.0,0.9768449664115906,0.0,0.0
Pizza On The Grill I,0.4253610670566559,0.5590087175369263,0.0,0.0,0.0,0.0
Pizza With Ham Asparagus And Ricotta,0.19529348611831665,0.5863272547721863,0.20970670878887177,0.0,0.0,0.0
Pizza Without The Red Sauce,0.9788058996200562,0.0,0.0,0.0,0.0,0.0
Polish Noodles Cottage Cheese And Noodles,0.17122229933738708,0.0,0.7970221042633057,0.0,0.0,0.0
Pork Apple Burgers,0.0,0.0,0.0,0.0,0.0,0.960302472114563
Pork Butt Roast With Vegetables,0.0,0.0,0.0,0.9632264971733093,0.0,0.0
Pork Carnitas,0.0,0.0,0.0,0.969873309135437,0.0,0.0
Pork Chops In Garlic Mushroom Sauce,0.0,0.0,0.0,0.9632286429405212,0.0,0.0
Pork Chops Italiano,0.0,0.672816276550293,0.0,0.30947956442832947,0.0,0.0
Pork Chops With Apple Cider Glaze,0.0,0.07435297220945358,0.0,0.9041382670402527,0.0,0.0
Pork Chops With Fresh Tomato Onion Garlic And Feta,0.0,0.6435874700546265,0.0,0.3387080729007721,0.0,0.0
Pork Chops With Raspberry Sauce,0.0,0.0,0.0,0.9744835495948792,0.0,0.0
Pork Dumplings,0.0,0.0,0.0,0.0,0.0,0.9698729515075684
Pork Marsala,0.0,0.0,0.0,0.9698724746704102,0.0,0.0
Pork Medallions With Balsamic Vinegar And Capers,0.0,0.31139105558395386,0.0,0.6645091772079468,0.0,0.0
Pork Roast With Sauerkraut And Kielbasa,0.0,0.0,0.0,0.9568860530853271,0.0,0.0
Pork Tenderloin Diablo,0.0,0.0,0.0,0.9768455028533936,0.0,0.0
Portobello Mushroom Burgers,0.19324107468128204,0.7793556451797485,0.0,0.0,0.0,0.0
Portobello Sandwiches,0.0,0.971582293510437,0.0,0.0,0.0,0.0
Pot Roast In Foil,0.010419567115604877,0.01041871402412653,0.01042112335562706,0.01041839923709631,0.9479037523269653,0.010418452322483063
Prime Rib,0.010417643934488297,0.010418218560516834,0.010418100282549858,0.9479096531867981,0.010417371056973934,0.010419007390737534
Prize Winning Baby Back Ribs,0.0,0.0,0.0,0.0,0.0,0.9568899273872375
Prune And Olive Chicken,0.0,0.8223134875297546,0.0,0.0,0.0,0.16073393821716309
Puff Pastry Salmon,0.30564895272254944,0.0,0.0,0.547090470790863,0.12139060348272324,0.0
Puttanesca I,0.0,0.9698740839958191,0.0,0.0,0.0,0.0
Quiche,0.0,0.0,0.7412874698638916,0.0,0.23460832238197327,0.0
Quiche Lorraine Ii,0.0,0.0,0.530776858329773,0.0,0.43747109174728394,0.0
Quiche Supreme,0.0,0.0,0.829742968082428,0.0,0.07191050797700882,0.08614731580018997
Quick And Easy Paella ,0.0,0.9851152300834656,0.0,0.0,0.0,0.0
Quick Fish Tacos,0.0,0.0,0.16166025400161743,0.8198163509368896,0.0,0.0
Quick Savory Cranberry Glazed Pork Loin Roast,0.0,0.0,0.0,0.9744834899902344,0.0,0.0
Rack Of Lamb With Blueberry Sauce,0.0,0.0,0.0,0.9796710014343262,0.0,0.0
Real Chiles Rellenos,0.04445914551615715,0.0,0.8030010461807251,0.14610013365745544,0.0,0.0
Red Curry Flank Steak ,0.0,0.0,0.0,0.0,0.0,0.9715819358825684
Red Lentil Curry,0.0,0.0,0.0,0.0,0.0,0.9757223725318909
Red Pepper Scallops On Potato Pancakes ,0.0,0.7299379110336304,0.24964842200279236,0.0,0.0,0.0
Rempel Family Meatloaf,0.0,0.0,0.4867455065250397,0.0,0.0,0.4815017879009247
Reuben Sandwich,0.0,0.0,0.45432281494140625,0.0,0.5111871361732483,0.0
Reuben Sandwich Ii,0.0,0.0,0.46491873264312744,0.0,0.5033286809921265,0.0
Rib Eye Steaks With A Soy And Ginger Marinade,0.0,0.0,0.0,0.0,0.0,0.973113477230072
Rich And Creamy Beef Stroganoff,0.0,0.39412641525268555,0.5936006307601929,0.0,0.0,0.0
Rigatoni Al Segreto Rigatoni With Secret Sauce,0.0,0.9804630279541016,0.0,0.0,0.0,0.0
Rigatoni Alla Genovese,0.0,0.47003209590911865,0.0,0.5164502263069153,0.0,0.0
Ritas Sweet Holiday Baked Ham,0.0,0.0,0.0,0.0,0.0,0.9731044173240662
Roast Beef Tenderloin,0.0,0.0,0.0,0.9831035137176514,0.0,0.0
Roast Leg Of Lamb With Rosemary,0.0,0.0,0.0,0.9632290601730347,0.0,0.0
Roast Peruvian Turkey ,0.0,0.0,0.0,0.9866988658905029,0.0,0.0
Roast Pork With Blueberry Port Sauce,0.0,0.0,0.0,0.9744853973388672,0.0,0.0
Roast Pork With Maple And Mustard Glaze,0.0,0.0,0.0,0.5557518005371094,0.0,0.4168471395969391
Roast Quail With Cured Lemon ,0.0,0.9715834259986877,0.0,0.0,0.0,0.0
Roasted Butternut Squash And Garlic Lasagna,0.30956777930259705,0.0,0.47144991159439087,0.2044147551059723,0.0,0.0
Roasted Cauliflower Steaks,0.0,0.9698721170425415,0.0,0.0,0.0,0.0
Roasted Cherry Tomatoes With Angel Hair,0.0,0.9744840264320374,0.0,0.0,0.0,0.0
Roasted Lamb Breast,0.0,0.8680542707443237,0.0,0.1188713014125824,0.0,0.0
Roasted Pork Tenderloin With Fresh Plum Sauce ,0.0,0.0,0.0,0.9744830131530762,0.0,0.0
Roasted Rack Of Lamb,0.0,0.0,0.0,0.9744842052459717,0.0,0.0
Rocks T Bone Steaks,0.0,0.0,0.0,0.9679423570632935,0.0,0.0
Rolled Dumplings,0.011629338376224041,0.011630858294665813,0.9418444037437439,0.011633692309260368,0.01163092814385891,0.011630780063569546
Rolled Flank Steak,0.2770928740501404,0.38483926653862,0.0,0.0,0.0,0.32350069284439087
Roman Style Gnocchi,0.0,0.0,0.9715834856033325,0.0,0.0,0.0
Ronaldos Beef Carnitas,0.0,0.0,0.0,0.9528208374977112,0.0,0.0
Root Beer And Sesame Glazed Ribs,0.0,0.0,0.0,0.0,0.0,0.983104944229126
Ropa Vieja Cuban Beef,0.0,0.8330269455909729,0.0,0.11945660412311554,0.0,0.039939384907484055
Rosemary Braised Lamb Shanks,0.0,0.3236774504184723,0.0,0.6577959656715393,0.0,0.0
Rosemary Roasted Turkey,0.0,0.956886887550354,0.0,0.0,0.0,0.0
Salisbury Steak With Mushrooms,0.0,0.0,0.9632277488708496,0.0,0.0,0.0
Salmon Patties I,0.015155807137489319,0.5614638924598694,0.3779149651527405,0.01515628769993782,0.015153291635215282,0.015155795961618423
Salmon With Brown Sugar Glaze,0.010417545214295387,0.010418863035738468,0.010418344289064407,0.010420764796435833,0.010417207144200802,0.9479072690010071
Salmon With Dill,0.010417856276035309,0.010419375263154507,0.010419169440865517,0.9479060173034668,0.01041768305003643,0.010419856756925583
Salmon With Lemon And Dill,0.0,0.0988815575838089,0.0,0.8666298985481262,0.0,0.0
Salmon With Tomatoes,0.0,0.8981722593307495,0.0,0.0,0.0,0.0848739892244339
Salt Crusted Beef Tenderloin,0.0,0.0,0.0,0.9603033661842346,0.0,0.0
Samosadilla Samosa Quesadilla,0.0,0.0,0.0,0.9885293245315552,0.0,0.0
Santa Maria Grilled Tri Tip Beef ,0.0,0.0,0.0,0.9778723120689392,0.0,0.0
Sarges Ez Pulled Pork Bbq,0.010418850928544998,0.010418864898383617,0.010419970378279686,0.9479031562805176,0.010419205762445927,0.010419917292892933
Sauce Rosee,0.0,0.9818761944770813,0.0,0.0,0.0,0.0
Sausage And Bow Tie Pasta Florentine,0.7115092873573303,0.26575636863708496,0.0,0.0,0.0,0.0
Sausage And Rice Stuffed Acorn Squash,0.0,0.9825109839439392,0.0,0.0,0.0,0.0
Sausage And Sauerkraut,0.0,0.0,0.0,0.0,0.0,0.9528092741966248
Sausage Pasta,0.508476197719574,0.46587806940078735,0.0,0.0,0.0,0.0
Sausage Peppers Onions And Potato Bake,0.0,0.9811957478523254,0.0,0.0,0.0,0.0
Savory Buttermilk Meatloaf ,0.0,0.0,0.3179163634777069,0.0,0.0,0.6664546132087708
Scallops With Arugula Lentils And Butter Beans ,0.0,0.9731122851371765,0.0,0.0,0.0,0.0
Scott Hibbs Amazing Whisky Grilled Baby Back Ribs,0.0,0.0,0.0,0.0,0.0,0.9870443344116211
Scott Ures Clams And Garlic,0.0,0.9528225064277649,0.0,0.0,0.0,0.0
Sea Bass A La Michele,0.0,0.29863840341567993,0.0,0.6809471845626831,0.0,0.0
Sea Bass Cuban Style,0.0,0.9778720140457153,0.0,0.0,0.0,0.0
Sea Bass San Sebastian,0.0,0.9836541414260864,0.0,0.0,0.0,0.0
Seafood Lasagna Ii,0.5544919371604919,0.42924362421035767,0.0,0.0,0.0,0.0
Seafood Sausage,0.0,0.45088887214660645,0.5360351204872131,0.0,0.0,0.0
Seans Falafel And Cucumber Sauce,0.0,0.3670995235443115,0.26757100224494934,0.357129842042923,0.0,0.0
Seared Ahi Tuna Steaks,0.0,0.9528160095214844,0.0,0.0,0.0,0.0
Seared Halibut With Bacon And Bean Relish,0.0,0.9698702692985535,0.0,0.0,0.0,0.0
Seared Scallops With Corn Cream,0.0,0.9841725826263428,0.0,0.0,0.0,0.0
Seasoned Cornish Hens,0.0,0.0,0.0,0.5352461934089661,0.0,0.43026289343833923
Seasoned Swai Fish Fillet,0.0,0.8156347274780273,0.0,0.0,0.0,0.15695858001708984
Sensational Sirloin Kabobs,0.0,0.0,0.0,0.0,0.0,0.9825124144554138
Sensational Steak Sandwich,0.0676296129822731,0.24772343039512634,0.0,0.337084025144577,0.0,0.34209662675857544
Sesame Beef,0.0,0.0,0.0,0.0,0.0,0.9632304310798645
Sexy Shrimp Scampi,0.01041770726442337,0.9479090571403503,0.010418553836643696,0.010419433936476707,0.010417023673653603,0.010418185964226723
Sherry Braised Beef Short Ribs ,0.0,0.0,0.0,0.9715846180915833,0.0,0.0
Short Rib And Cauliflower Curry,0.0,0.0,0.0,0.35663434863090515,0.0,0.6307024955749512
Short Ribs Braised With Mushrooms And Tomatoes ,0.0,0.0,0.0,0.9778701066970825,0.0,0.0
Shredded Beef Enchiladas,0.0,0.0,0.65267413854599,0.0,0.0,0.3310621678829193
Shrimp And Asparagus,0.0,0.9715828895568848,0.0,0.0,0.0,0.0
Shrimp And Vegetable Couscous,0.0,0.9778704047203064,0.0,0.0,0.0,0.0
Shrimp Florentine With Zoodles,0.0,0.9811977744102478,0.0,0.0,0.0,0.0
Shrimp Francesca,0.47782978415489197,0.4965227544307709,0.0,0.0,0.0,0.0
Shrimp Lemon Pepper Linguini,0.0,0.975724995136261,0.0,0.0,0.0,0.0
Shrimp Linguine,0.0,0.9698722958564758,0.0,0.0,0.0,0.0
Shrimp Po Boys,0.0,0.0,0.9841717481613159,0.0,0.0,0.0
Shrimp Scampi Bake,0.0,0.717145562171936,0.0,0.25343576073646545,0.0,0.0
Shrimp Scampi With Pasta,0.0,0.9812009930610657,0.0,0.0,0.0,0.0
Sicilian Christmas Pizza Sfincione,0.5048269033432007,0.48658666014671326,0.0,0.0,0.0,0.0
Simple Bbq Ribs,0.0,0.0,0.0,0.0,0.0,0.9528211355209351
Simple Beef Pot Roast,0.0,0.0,0.0,0.9632263779640198,0.0,0.0
Simple Broiled Haddock,0.0,0.0,0.0,0.9657424688339233,0.0,0.0
Simple Carnitas,0.0,0.0,0.0,0.9603102803230286,0.0,0.0
Simple Country Ribs,0.011629367247223854,0.011630219407379627,0.01163015328347683,0.011631459929049015,0.011628642678260803,0.9418501853942871
Simple Garlic Shrimp,0.0,0.9778717160224915,0.0,0.0,0.0,0.0
Simple Grilled Lamb Chops,0.0,0.95281982421875,0.0,0.0,0.0,0.0
Simple Hamburger Stroganoff,0.0,0.0,0.96987384557724,0.0,0.0,0.0
Simple Savory Pork Roast,0.010417481884360313,0.010418332181870937,0.01041786652058363,0.9479109644889832,0.010417030192911625,0.010418270714581013
Simple Spinach Lasagna,0.9804637432098389,0.0,0.0,0.0,0.0,0.0
Simply The Easiest Beef Brisket,0.0,0.0,0.0,0.0,0.0,0.9603058695793152
Simply Traditional Lasagna,0.8670450448989868,0.11791269481182098,0.0,0.0,0.0,0.0
Skillet Pork Chops With Potatoes And Onion,0.0,0.0,0.6661342978477478,0.0,0.0,0.31112992763519287
Slammin Salmon,0.0,0.0,0.0,0.0,0.0,0.9804646372795105
Slider Style Mini Burgers ,0.0,0.0,0.9528210759162903,0.0,0.0,0.0
Sloppy Joes Ii,0.0,0.0,0.0,0.0,0.0,0.9679428935050964
Slovak Stuffed Cabbage,0.0,0.0,0.4013969898223877,0.0,0.0,0.5800787806510925
Slow Braised Beef And Cherry Tomato Sauce,0.0,0.9804605841636658,0.0,0.0,0.0,0.0
Slow Cooked Corned Beef For Sandwiches,0.0,0.0,0.0,0.2849699854850769,0.6772857904434204,0.0
Slow Cooker Apple Cider Braised Pork,0.0,0.0,0.0,0.9818798899650574,0.0,0.0
Slow Cooker Barbecue Ribs,0.0,0.0,0.0,0.0,0.0,0.9698737263679504
Slow Cooker Barbeque,0.010418007150292397,0.010418402962386608,0.010418717749416828,0.010420297272503376,0.010417348705232143,0.9479072093963623
Slow Cooker Carolina Bbq,0.0,0.0,0.0,0.0,0.0,0.9744849801063538
Slow Cooker Chile Verde,0.0,0.0,0.0,0.9568861722946167,0.0,0.0
Slow Cooker Corned Beef And Cabbage ,0.0,0.0,0.0,0.0,0.9632278680801392,0.0
Slow Cooker Ham,0.015153968706727028,0.015153899788856506,0.015154150314629078,0.015154697000980377,0.015154549852013588,0.9242287278175354
Slow Cooker Italian Beef,0.011630190536379814,0.011629250831902027,0.9418517351150513,0.011630750261247158,0.011628941632807255,0.011629161424934864
Slow Cooker Italian Beef For Sandwiches,0.0,0.2078002691268921,0.30401673913002014,0.4701062738895416,0.0,0.0
Slow Cooker Pinto Beans,0.0,0.0,0.0,0.9744848608970642,0.0,0.0
Slow Cooker Pork Roast,0.0,0.0,0.18937687575817108,0.7832192778587341,0.0,0.0
Slow Cooker Posole,0.0,0.0,0.0,0.9731113910675049,0.0,0.0
Slow Cooker Pot Roast,0.0,0.0,0.96987384557724,0.0,0.0,0.0
Slow Cooker Pulled Pork,0.013159013353288174,0.013158698566257954,0.013159366324543953,0.0131611879914999,0.013159692287445068,0.9342020750045776
Slow Cooker Red Curry Beef Pot Roast,0.0,0.0,0.0,0.15920783579349518,0.0,0.8320179581642151
Slow Cooker Texas Pulled Pork,0.0,0.0,0.0,0.3282036781311035,0.0,0.6573016047477722
Slow Cooker Turkey Breast,0.015153871849179268,0.015153549611568451,0.015155837871134281,0.4457250237464905,0.4936559796333313,0.015155726112425327
Smoked Turkey And Spring Pea Fettuccine,0.0,0.9788089394569397,0.0,0.0,0.0,0.0
Smokey Chipotle Meatloaf,0.0,0.0,0.0,0.0,0.0,0.9818807244300842
Smoky Grilled Pork Chops,0.0,0.0,0.0,0.0,0.0,0.9679427742958069
Smothered Beef Short Ribs,0.0,0.0,0.0,0.9744836091995239,0.0,0.0
So Simple Beef Stroganoff,0.0,0.0,0.9632295966148376,0.0,0.0,0.0
Soft Mahi Mahi Tacos With Ginger Lime Dressing,0.0,0.0,0.0,0.8569026589393616,0.0,0.1274673342704773
Sorta Blackened Chile Rubbed Pork,0.0,0.0,0.0,0.9632290005683899,0.0,0.0
Sous Vide Duck Breast,0.010417530313134193,0.010418606922030449,0.010418228805065155,0.9479098320007324,0.010417347773909569,0.01041838712990284
Sous Vide New York Strip Steak,0.0,0.0,0.0,0.9818805456161499,0.0,0.0
Southern Grilled Barbecued Ribs,0.0,0.0,0.0,0.0,0.0,0.9768477082252502
Souvlaki,0.0,0.34725987911224365,0.0,0.0,0.0,0.6270940899848938
Soy Ginger Salmon,0.0,0.14177681505680084,0.0,0.0,0.0,0.8325790166854858
Spaghetti Aglio E Olio,0.08901368826627731,0.8853415250778198,0.0,0.0,0.0,0.0
Spaghetti Squash Casserole In The Shell,0.3245808780193329,0.4150838851928711,0.24225899577140808,0.0,0.0,0.0
Spaghetti Squash Pad Thai,0.0,0.0,0.0,0.28366798162460327,0.0,0.7067136764526367
Spaghetti With Clam Sauce ,0.28643226623535156,0.6931556463241577,0.0,0.0,0.0,0.0
Spanakopita Greek Spinach Pie,0.7981363534927368,0.18035387992858887,0.0,0.0,0.0,0.0
Spanish Octopus,0.0,0.9825142025947571,0.0,0.0,0.0,0.0
Spicy Chicken Noodles,0.0,0.0,0.0,0.2556264400482178,0.0,0.7351975440979004
Spicy Chipotle Turkey Burgers,0.18022166192531586,0.0,0.0,0.0,0.0,0.7970459461212158
Spicy Crispy Beef,0.0,0.0,0.0,0.0,0.0,0.9831052422523499
Spicy Eggplant,0.0,0.0,0.0,0.0,0.0,0.9788098931312561
Spicy Grilled Shrimp,0.0,0.9632309079170227,0.0,0.0,0.0,0.0
Spicy Pork And Vegetable Tofu,0.0,0.0,0.0,0.0,0.0,0.984659731388092
Spicy Salmon With Caramelized Onions,0.0,0.0,0.0,0.697108805179596,0.0,0.2824793756008148
Spicy Shrimp And Grits,0.0,0.1597563922405243,0.8252025246620178,0.0,0.0,0.0
Spicy Shrimp Creole,0.0,0.27200791239738464,0.0,0.3349127769470215,0.0,0.38036447763442993
Spicy Vegan Potato Curry,0.0,0.0,0.0,0.21116209030151367,0.0,0.7711328864097595
Spinach And Feta Pita Bake,0.9757229089736938,0.0,0.0,0.0,0.0,0.0
Spinach And Feta Turkey Burgers,0.9342008829116821,0.013159588910639286,0.013160201720893383,0.013160220347344875,0.013159632682800293,0.01315945666283369
Spinach Cheese Manicotti,0.9757236838340759,0.0,0.0,0.0,0.0,0.0
Spinach Lasagna Ii,0.9715873003005981,0.0,0.0,0.0,0.0,0.0
Spinach Lasagna Iii,0.9796705842018127,0.0,0.0,0.0,0.0,0.0
Spinach Tomato Tortellini,0.7433367371559143,0.0,0.2325616478919983,0.0,0.0,0.0
Spoiled Baby Back Ribs,0.0,0.0,0.0,0.0,0.0,0.9632319808006287
Squasage Sausage Stuffed Squash,0.9603074193000793,0.0,0.0,0.0,0.0,0.0
Steak On A Stick,0.0,0.0,0.0,0.0,0.0,0.9757211208343506
Steamed Lobster Tails,0.021742364391684532,0.021746087819337845,0.021745240315794945,0.891280472278595,0.02174343727529049,0.021742364391684532
Sticky Garlic Pork Chops,0.0,0.0,0.0,0.0,0.0,0.977873682975769
Stuffed And Rolled Pork Tenderloin ,0.0,0.360734224319458,0.0,0.6198431849479675,0.0,0.0
Stuffed Green Peppers I,0.0,0.0,0.7791133522987366,0.0,0.0,0.2023632973432541
Stuffed Hasselback Turkey Breast,0.0,0.0,0.0,0.9846583604812622,0.0,0.0
Stuffed Mexican Peppers,0.0,0.0,0.5043096542358398,0.0,0.0,0.47626790404319763
Stuffed Peppers My Way,0.0,0.9768459796905518,0.0,0.0,0.0,0.0
Stuffed Shells I,0.9744870662689209,0.0,0.0,0.0,0.0,0.0
Stuffed Shells Iii,0.9715856313705444,0.0,0.0,0.0,0.0,0.0
Stuffed Shells Iv,0.9744850993156433,0.0,0.0,0.0,0.0,0.0
Stuffed Zucchini,0.9603105783462524,0.0,0.0,0.0,0.0,0.0
Sukis Spinach And Feta Pasta,0.2736298441886902,0.7022702097892761,0.0,0.0,0.0,0.0
Summer Vegetable Cavatelli With Fresh Corn Cream,0.0,0.9863360524177551,0.0,0.0,0.0,0.0
Super Duper Slow Cooker Beef Stroganoff,0.0,0.0,0.9825136065483093,0.0,0.0,0.0
Super Simple Salmon,0.01316063106060028,0.5504180192947388,0.013160382397472858,0.396940141916275,0.013158605434000492,0.013162226416170597
Super Simple Super Spicy Mongolian Beef,0.0,0.0,0.0,0.0,0.0,0.9744861125946045
Swedish Meatballs Svenska Kottbullar,0.0,0.0,0.627142071723938,0.3593408763408661,0.0,0.0
Sweet And Savory Slow Cooker Pulled Pork,0.0,0.0,0.0,0.09857994318008423,0.0,0.8901816010475159
Sweet And Sour Meatloaf,0.0,0.0,0.0,0.0,0.0,0.9698725342750549
Sweet And Sour Pork Iii,0.0,0.0,0.0,0.0,0.0,0.987371563911438
Sweet And Sour Pork Tenderloin,0.0,0.0,0.0,0.0,0.0,0.9855462908744812
Sweet Polish Sausage,0.0,0.0,0.0,0.0,0.0,0.9632272124290466
Sweet Potato Enchiladas,0.0,0.0,0.9788074493408203,0.0,0.0,0.0
Sweet Potato Souffles,0.0,0.0,0.791719377040863,0.18087591230869293,0.0,0.0
Swordfish A La Siciliana,0.0,0.9679433107376099,0.0,0.0,0.0,0.0
Sylvias Ribs,0.0,0.0,0.0,0.0,0.0,0.9731154441833496
Taco Lasagna,0.0,0.0,0.9768463373184204,0.0,0.0,0.0
Taco Stuffed Shells,0.24792751669883728,0.0,0.7293410301208496,0.0,0.0,0.0
Tangy Grilled Pork Tenderloin,0.011628648266196251,0.011628608219325542,0.011629036627709866,0.9418527483940125,0.01162846852093935,0.01163248810917139
Tangy Honey Glazed Ham,0.0,0.0,0.0,0.0,0.0,0.9568907618522644
Tantalizingly Tangy Meatloaf,0.0,0.0,0.0,0.0,0.0,0.9603094458580017
Tartiflette French Potato Bacon And Cheese Casserole,0.0,0.0,0.9731107950210571,0.0,0.0,0.0
Tasty Lentil Tacos,0.0,0.0,0.0,0.9603064656257629,0.0,0.0
Tater Tot Taco Casserole,0.0,0.0,0.9731122851371765,0.0,0.0,0.0
Taylors Piroshki,0.0,0.0,0.9744832515716553,0.0,0.0,0.0
Tender Pork Spare Ribs,0.0,0.0,0.0,0.0,0.0,0.9731119275093079
Teriyaki Salmon,0.0,0.0,0.0,0.0,0.0,0.9698761105537415
Texas Pork Ribs,0.0,0.0,0.0,0.0,0.0,0.9811991453170776
Thai Dipped Beef Tri Tip,0.0,0.0,0.0,0.0,0.0,0.9796713590621948
Thai Steamed Mussels,0.0,0.0,0.0,0.0,0.0,0.9757232069969177
The Best Beef Tri Tip,0.0,0.0,0.0,0.9715865850448608,0.0,0.0
The Best Clam Sauce,0.0,0.9568889141082764,0.0,0.0,0.0,0.0
The Best Meatballs,0.0,0.19599859416484833,0.7845786213874817,0.0,0.0,0.0
The Best Meatloaf,0.0,0.0,0.308357834815979,0.0,0.0,0.6701322793960571
The Hot Brown,0.0,0.0,0.986698567867279,0.0,0.0,0.0
The Most Easy And Delish Meatloaf Ever,0.0,0.0,0.0,0.0,0.0,0.9768456220626831
The Worlds Best Turkey,0.010418201796710491,0.01041871216148138,0.010418644174933434,0.947907567024231,0.010418104007840157,0.0104187848046422
Three Cheese Baked Pasta,0.967944324016571,0.0,0.0,0.0,0.0,0.0
Three Cheese Manicotti,0.9698736667633057,0.0,0.0,0.0,0.0,0.0
Three Cheese Manicotti Ii,0.9657508134841919,0.0,0.0,0.0,0.0,0.0
Three Packet Slow Cooker Roast,0.010417785495519638,0.010417615063488483,0.9479067921638489,0.010418331250548363,0.010417924262583256,0.010421541519463062
Tilapia Scaloppine,0.0,0.9679437875747681,0.0,0.0,0.0,0.0
To Die For Fettuccine Alfredo,0.7956510782241821,0.17492970824241638,0.0,0.0,0.0,0.0
Tomato Basil Salmon,0.3660142421722412,0.5813482403755188,0.013159576803445816,0.013160047121345997,0.013158287853002548,0.01315964013338089
Tomato Vodka Sauce,0.0,0.9731127619743347,0.0,0.0,0.0,0.0
Torta Di Riso,0.20628976821899414,0.42482006549835205,0.3527573347091675,0.0,0.0,0.0
Tourtiere French Canadian Meat Pie,0.0,0.0,0.0,0.6390557885169983,0.35176727175712585,0.0
Traditional Osso Buco,0.0,0.2409108728170395,0.0,0.7413854002952576,0.0,0.0
Traditional Style Vegan Shepherds Pie,0.0,0.0,0.67988121509552,0.0,0.30820927023887634,0.0
Tropical Grilled Pork Chops,0.0,0.0,0.0,0.0,0.0,0.9863359332084656
Tuna Zucchini Elbow Pasta,0.2903538644313812,0.6892318725585938,0.0,0.0,0.0,0.0
Turkey And Quinoa Meatloaf,0.0,0.0,0.0,0.0,0.0,0.9788062572479248
Turkey And Rice Meatballs Albondigas,0.0,0.9866980910301208,0.0,0.0,0.0,0.0
Turkey Cheeseburger Meatloaf,0.0,0.0,0.3968071937561035,0.0,0.0,0.5862398147583008
Turkey In A Bag,0.015153600834310055,0.015153823420405388,0.015156487934291363,0.9242267608642578,0.015154987573623657,0.015154289081692696
Turkey In A Smoker,0.0,0.0,0.0,0.9657472968101501,0.0,0.0
Turkey Pot Pie,0.0,0.0,0.2286715805530548,0.0,0.7509146928787231,0.0
Turkey Pot Pie I,0.0,0.0,0.22859685122966766,0.0,0.7509893774986267,0.0
Turkey Pot Pie Ii,0.0,0.0,0.0,0.0,0.960308849811554,0.0
Turkey Rice,0.0,0.0,0.0,0.9811990261077881,0.0,0.0
Turkey Sloppy Joes,0.0,0.0,0.0,0.0,0.0,0.9778708219528198
Turkey Tamale Pie,0.0,0.0,0.9866979122161865,0.0,0.0,0.0
Turkey Tenderloins,0.013159315101802349,0.013159171678125858,0.013159366324543953,0.6113826632499695,0.01315942220389843,0.335980087518692
Turkish Stuffed Eggplant Karniyarik,0.0,0.9836558699607849,0.0,0.0,0.0,0.0
Tuscan Flank Steak,0.0,0.9831058979034424,0.0,0.0,0.0,0.0
Ultimate Shrimp Scampi,0.0,0.7929834723472595,0.18849264085292816,0.0,0.0,0.0
Unstuffed Cabbage Roll,0.0,0.0,0.0,0.0,0.0,0.9568846821784973
Upside Down Barbeque Meatloaf ,0.0,0.0,0.0,0.0,0.0,0.9811988472938538
Valentines Salmon,0.0,0.0,0.0,0.9851157069206238,0.0,0.0
Vegan Bean Taco Filling,0.0,0.0,0.0,0.9715847373008728,0.0,0.0
Vegan Black Bean Burgers,0.0,0.0,0.0,0.9846584796905518,0.0,0.0
Vegetable Pizza I,0.0,0.0,0.9715846180915833,0.0,0.0,0.0
Vegetarian Bibimbap,0.0,0.0,0.0,0.0,0.0,0.9811953902244568
Vegetarian Four Cheese Lasagna,0.9757245779037476,0.0,0.0,0.0,0.0,0.0
Vegetarian Korma,0.0,0.0,0.0,0.73795086145401,0.0,0.24897336959838867
Vegetarian Meatloaf With Vegetables,0.0,0.0,0.0,0.0,0.4853091835975647,0.5001931190490723
Vegetarian Mexican Inspired Stuffed Peppers,0.0,0.0,0.13589970767498016,0.0,0.0,0.8490566611289978
Veggie Lasagna Florentine,0.9788084030151367,0.0,0.0,0.0,0.0,0.0
Veggie Pita Pizza,0.9632270932197571,0.0,0.0,0.0,0.0,0.0
Veggie Pot Pie,0.0,0.0,0.0,0.3962484896183014,0.4653061628341675,0.1271640509366989
Venison Bacon Burgers,0.0,0.29799163341522217,0.6725886464118958,0.0,0.0,0.0
Veracruz Style Red Snapper,0.0,0.9818809032440186,0.0,0.0,0.0,0.0
Vietnamese Sandwich,0.0,0.0,0.0,0.9757212400436401,0.0,0.0
Walnut Crusted Chicken Breast,0.0,0.0,0.0,0.9731143712997437,0.0,0.0
Wiener Schnitzel,0.0,0.0,0.9528197050094604,0.0,0.0,0.0
Wienerschnitzel,0.0,0.0,0.9657435417175293,0.0,0.0,0.0
Wonderful Short Ribs,0.0,0.20172640681266785,0.0,0.16214188933372498,0.0,0.6215660572052002
Worlds Best Lasagna,0.9841724038124084,0.0,0.0,0.0,0.0,0.0
Worlds Fastest Meatballs,0.0,0.3597968518733978,0.6239394545555115,0.0,0.0,0.0
Yummy Lemon Salmon Burgers,0.0,0.7541128993034363,0.22736360132694244,0.0,0.0,0.0
Zippy Shepherds Pie,0.0,0.0,0.617865264415741,0.0,0.0,0.369473397731781
Zucchini Patties,0.9568805694580078,0.0,0.0,0.0,0.0,0.0
